index,concept_id,feature,name,source
0,timer,has different colors,gpt_3_filtered,gpt
1,toe,has nails,gpt_3_unfiltered,gpt
2,alligator,is dangerous,mcrae,human
3,butterfly,is beautiful,mcrae,human
4,hatchet,is used by lumberjacks,gpt_3_filtered_overlap,gpt
5,mouth,has a floor,gpt_3_unfiltered,gpt
6,sword,is used by men,gpt_3_filtered_overlap,gpt
7,motorcycle,has a seatbelt,gpt_3_filtered_overlap,gpt
8,bowl,is used to mix,gpt_3_filtered_overlap,gpt
9,vacuum,is electrical,gpt_3_unfiltered,gpt
10,spoon,does contain,cslb,human
11,manhole,is used for access,gpt_3_unfiltered,gpt
12,wrench,used for tightening,mcrae,human
13,waterwheel,is used to make electricity,gpt_3_unfiltered,gpt
14,celery,is a vegetable,gpt_3_unfiltered,gpt
15,koala,is nocturnal,gpt_3_filtered,gpt
16,mink,is brown,mcrae,human
17,hare,a rabbit,mcrae,human
18,frog,eats insects,mcrae,human
19,rollerskate,has a boot,cslb,human
20,drapes,used for privacy,mcrae,human
21,flute,has a hole in the middle,gpt_3_filtered,gpt
22,truck,is used to carry goods,gpt_3_filtered,gpt
23,parakeet,a pet,mcrae,human
24,cork,is brown,mcrae,human
25,hamburger,contains lettuce,gpt_3_filtered,gpt
26,rifle,is an object,gpt_3_filtered,gpt
27,robe,is worn in cold weather,gpt_3_filtered_overlap,gpt
28,ball,is used to play with children,gpt_3_filtered,gpt
29,outlet,is used to cook,gpt_3_filtered,gpt
30,bolts,is like a nail,cslb,human
31,pyramid,is a tomb for a pharaoh,cslb,human
32,swimsuit,is made of silk,gpt_3_filtered_overlap,gpt
33,hamburger,is cooked in an oven,gpt_3_filtered,gpt
34,cucumber,is edible,mcrae,human
35,possum,is gray in color,gpt_3_filtered,gpt
36,jeep,has a radio,gpt_3_filtered_overlap,gpt
37,pallet,is used to store things,gpt_3_unfiltered,gpt
38,detonator,is round,gpt_3_filtered,gpt
39,tongs,is used by women,gpt_3_filtered_overlap,gpt
40,penguin,cannot fly,mcrae,human
41,coach_(vehicle),has six wheels,cslb,human
42,leotards,worn for exercising,mcrae,human
43,flute,has holes,mcrae,human
44,microscope,has a tube,gpt_3_filtered_overlap,gpt
45,shoes,has toes,cslb,human
46,whistle,has a hole,gpt_3_filtered_overlap,gpt
47,fawn,has a tail,mcrae,human
48,parakeet,is loud,mcrae,human
49,oak,used as home by animals,mcrae,human
50,python,an animal,mcrae,human
51,water_filter,is used for water,gpt_3_unfiltered,gpt
52,hornet,is an animal,cslb,human
53,ambulance,is used by sick people,gpt_3_filtered_overlap,gpt
54,crowbar,is found in toolboxes,gpt_3_filtered_overlap,gpt
55,brush,used on hair,mcrae,human
56,cork,is used in the bath,gpt_3_filtered_overlap,gpt
57,coral,is a mineral,gpt_3_filtered,gpt
58,cabbage,is green,mcrae,human
59,squirrel,is small,mcrae,human
60,apple,is smooth,gpt_3_filtered_overlap,gpt
61,rattlesnake,is dangerous,mcrae,human
62,guitar,used in bands,mcrae,human
63,bucket,is used for water,gpt_3_filtered_overlap,gpt
64,cow,is large,gpt_3_filtered_overlap,gpt
65,mulch,is used to protect plants,gpt_3_filtered,gpt
66,lantern,used for camping,mcrae,human
67,clipper2,is an electrical appliance,gpt_3_unfiltered,gpt
68,collar,is made of fabric,gpt_3_unfiltered,gpt
69,boat,holds many people,gpt_3_filtered_overlap,gpt
70,goat,does live on mountains,cslb,human
71,eel,has a long snout,gpt_3_filtered_overlap,gpt
72,sugar_cube,is made of crystallized sugar,gpt_3_unfiltered,gpt
73,garlic,is used as a seasoning,gpt_3_unfiltered,gpt
74,sultana,is used in puddings,cslb,human
75,pine_needle,is part of a tree,gpt_3_filtered,gpt
76,swimsuit,worn at beaches,mcrae,human
77,pigeon,has wings,mcrae,human
78,cat,has sharp teeth,gpt_3_filtered_overlap,gpt
79,mushroom,is tasty,cslb,human
80,wig,is used for hair,gpt_3_filtered,gpt
81,eagle,is used in the army,gpt_3_filtered,gpt
82,banjo,is yellow,gpt_3_filtered,gpt
83,can,is used for drinks,gpt_3_filtered,gpt
84,star_fruit,is crunchy,gpt_3_filtered,gpt
85,parking_meter,is used to pay fines,gpt_3_unfiltered,gpt
86,broccoli,tastes good,gpt_3_filtered_overlap,gpt
87,cat,has claws,mcrae,human
88,gel,is used to clean dishes,gpt_3_unfiltered,gpt
89,star_fruit,has pulp,gpt_3_unfiltered,gpt
90,thermos,is made of glass,gpt_3_filtered,gpt
91,dryer,dries your clothes,gpt_3_unfiltered,gpt
92,basket,is used to carry things,gpt_3_filtered_overlap,gpt
93,rhubarb,is used for jam,gpt_3_filtered_overlap,gpt
94,knife,is sharp,gpt_3_filtered,gpt
95,tuxedo,has buttons on its jacket,gpt_3_unfiltered,gpt
96,buckle,found on belts,mcrae,human
97,badge,is used for identification,gpt_3_filtered,gpt
98,shark,is found in the water,gpt_3_unfiltered,gpt
99,skirt,has pleats,gpt_3_filtered_overlap,gpt
100,hippo,has legs,cslb,human
101,cactus,has seeds,gpt_3_unfiltered,gpt
102,pepper_mill,is black,gpt_3_unfiltered,gpt
103,goat,produces milk,gpt_3_filtered_overlap,gpt
104,scorpion,is black,cslb,human
105,forklift,is used for work,gpt_3_filtered,gpt
106,apple_tree,has apples,gpt_3_filtered,gpt
107,ostrich,has legs,mcrae,human
108,hummingbird,has wings,cslb,human
109,shoes,has laces,cslb,human
110,banner,used for advertising,mcrae,human
111,duck,is used by hunters,gpt_3_filtered,gpt
112,pelican,has a wingspan,gpt_3_filtered_overlap,gpt
113,playing_card,is a tool,gpt_3_filtered,gpt
114,skateboard,does come in colours,cslb,human
115,ladder,has a bottom,gpt_3_filtered,gpt
116,centrifuge,is cylindrical,gpt_3_filtered,gpt
117,robin,has feathers,mcrae,human
118,curling_iron,is found in bathrooms,gpt_3_filtered,gpt
119,monkey,does share,cslb,human
120,cheetah,lives in Africa,mcrae,human
121,glasses,is used to drink water,gpt_3_unfiltered,gpt
122,foot,does smell,cslb,human
123,cottage,used for living in,mcrae,human
124,mouse1,has a name,gpt_3_filtered_overlap,gpt
125,chair,is used for meetings,gpt_3_filtered_overlap,gpt
126,bee,lives in colonies,gpt_3_filtered,gpt
127,ambulance,drives on roads,gpt_3_filtered_overlap,gpt
128,pretzel,is covered with salt,gpt_3_unfiltered,gpt
129,burrito,is eaten with tortillas,gpt_3_filtered,gpt
130,tulip,is bulb,gpt_3_unfiltered,gpt
131,grain,is used to bake bread,gpt_3_unfiltered,gpt
132,necklace,is worn for special occasions,gpt_3_filtered_overlap,gpt
133,crowbar,used for breaking things,mcrae,human
134,videogame,has a main character,gpt_3_unfiltered,gpt
135,olive,a vegetable,mcrae,human
136,rice,is tasty,cslb,human
137,cake,is made of sugar,gpt_3_unfiltered,gpt
138,tangerine,has sections,mcrae,human
139,brick,is a mineral,gpt_3_filtered_overlap,gpt
140,pony,has a long mane,mcrae,human
141,spider,has eyes,gpt_3_filtered,gpt
142,window,is rectangular in shape,gpt_3_filtered,gpt
143,doll,used by girls,mcrae,human
144,brick,has a texture,gpt_3_filtered,gpt
145,car,is useful,cslb,human
146,car,has windscreen wipers,cslb,human
147,ant,is strong,mcrae,human
148,slot,is made of metal,gpt_3_filtered,gpt
149,stool_(furniture),made of wood,mcrae,human
150,mug,is circular,cslb,human
151,car,has a roof,gpt_3_filtered,gpt
152,cherry,is used for dessert,gpt_3_filtered_overlap,gpt
153,limousine,has an inside,gpt_3_filtered_overlap,gpt
154,mayonnaise,made of butter,cslb,human
155,skunk,is a rodent,cslb,human
156,turnip,a vegetable,mcrae,human
157,duck,is meat,cslb,human
158,wineglass,is used to drink white wine,gpt_3_unfiltered,gpt
159,camel,has fur,gpt_3_filtered_overlap,gpt
160,penguin,does live in Antarctica,cslb,human
161,mink,used for fur,mcrae,human
162,couch,has a back rest,gpt_3_unfiltered,gpt
163,leech,lives in ponds,gpt_3_filtered,gpt
164,puddle,is deep,gpt_3_unfiltered,gpt
165,squirrel,climbs trees,gpt_3_filtered_overlap,gpt
166,broccoli,is nutritious,mcrae,human
167,freezer,is an appliance,gpt_3_unfiltered,gpt
168,shawl,is for women,cslb,human
169,quesadilla,is a food,gpt_3_filtered,gpt
170,squid,is aquatic,gpt_3_filtered,gpt
171,nightingale,is noisy,cslb,human
172,zebra,is found on farms,gpt_3_filtered_overlap,gpt
173,rifle,has a trigger,mcrae,human
174,cheetah,is a runner,gpt_3_filtered,gpt
175,football,is not touched with your hands,cslb,human
176,anchor,is used in ships,gpt_3_filtered_overlap,gpt
177,guitar,is an instrument,gpt_3_filtered_overlap,gpt
178,doorstop,is shaped like a triangle,gpt_3_unfiltered,gpt
179,bee,is striped,cslb,human
180,lawnmower,is electric,gpt_3_filtered,gpt
181,flask,is used to store things,gpt_3_filtered,gpt
182,vulture,flies,mcrae,human
183,donkey,makes noises,mcrae,human
184,chair,used with tables,mcrae,human
185,radish,has a white center,gpt_3_filtered_overlap,gpt
186,ketchup,is made of tomatoes,gpt_3_filtered,gpt
187,crown,is used by royalty,gpt_3_filtered,gpt
188,biscuit,contains milk,gpt_3_filtered_overlap,gpt
189,ox,has long fur,cslb,human
190,shoes,is worn,cslb,human
191,swimsuit,is used to tan,gpt_3_filtered_overlap,gpt
192,lightbulb,has a cord,gpt_3_unfiltered,gpt
193,test_tube,has a wide mouth,gpt_3_filtered,gpt
194,fir,is alive,cslb,human
195,boot,is used to keep warm,gpt_3_filtered,gpt
196,rocket,has a shape,gpt_3_filtered_overlap,gpt
197,coconut,has a hard shell,mcrae,human
198,seahorse,swims fast,gpt_3_unfiltered,gpt
199,trolley,is used to carry luggage,gpt_3_filtered_overlap,gpt
200,ship,is used for passengers,gpt_3_filtered_overlap,gpt
201,budgie,has wings,cslb,human
202,quill,is used to write by hand,gpt_3_unfiltered,gpt
203,lanyard,is a string,gpt_3_filtered,gpt
204,grape,is red,mcrae,human
205,can_opener,is found in kitchens,cslb,human
206,rake,has a long handle,gpt_3_unfiltered,gpt
207,horse,is beautiful,mcrae,human
208,stick,is a piece of wood,gpt_3_filtered,gpt
209,jackhammer,is used to pound nails,gpt_3_filtered,gpt
210,boa,is worn for decoration,gpt_3_filtered,gpt
211,rake,has a long handle,mcrae,human
212,lettuce,is crunchy,cslb,human
213,horse,is beautiful,mcrae,human
214,iguana,is a reptile,gpt_3_unfiltered,gpt
215,telephone,does receive calls,cslb,human
216,olive,is round in shape,gpt_3_filtered_overlap,gpt
217,thermos,is used in the army,gpt_3_unfiltered,gpt
218,pudding,has a smooth texture,gpt_3_unfiltered,gpt
219,sandwich,has a crust,gpt_3_filtered,gpt
220,car,has doors,mcrae,human
221,fern,is ancient,cslb,human
222,basket,is used to wash clothes,gpt_3_filtered_overlap,gpt
223,badge,is used in guides,cslb,human
224,blender,is used to make soup,gpt_3_filtered_overlap,gpt
225,frame,is on the wall,gpt_3_filtered,gpt
226,robe,has a hood,gpt_3_filtered_overlap,gpt
227,turkey,a bird,mcrae,human
228,chain,is worn by prisoners,cslb,human
229,swing,is an outdoor toy,cslb,human
230,candle,is found in homes,gpt_3_filtered,gpt
231,razor,is used on the face,gpt_3_filtered_overlap,gpt
232,herring,is oily,cslb,human
233,cheese,is white,cslb,human
234,bathtub,found in bathrooms,mcrae,human
235,ostrich,has two legs,cslb,human
236,barrel,is found in cellars,cslb,human
237,bank,has a lock,gpt_3_unfiltered,gpt
238,pin,is small,cslb,human
239,guitar,has a long neck,gpt_3_filtered_overlap,gpt
240,scallion,is green,gpt_3_filtered,gpt
241,honey,is used for medical purposes,gpt_3_filtered,gpt
242,octopus,is slimy,cslb,human
243,antenna,is used for internet,gpt_3_unfiltered,gpt
244,whip,used on animals,mcrae,human
245,ant,does nest,cslb,human
246,octopus,is a sea creature,gpt_3_filtered_overlap,gpt
247,wine,is for special occasions,cslb,human
248,torpedo,is guided,gpt_3_filtered,gpt
249,cheetah,is hunted by lions,gpt_3_filtered,gpt
250,jar,is used to contain liquids,gpt_3_unfiltered,gpt
251,beets,has leaves,mcrae,human
252,target,is used in games,gpt_3_filtered,gpt
253,pistol,used for shooting,mcrae,human
254,trout,does swim,cslb,human
255,tiramisu,has cream on top,gpt_3_unfiltered,gpt
256,squid,is an aquatic animal,gpt_3_filtered,gpt
257,grater,is thin,cslb,human
258,snail,is small,mcrae,human
259,chandelier,found in dining rooms,mcrae,human
260,ostrich,has a beak,mcrae,human
261,dish,used for eating,mcrae,human
262,hutch,made of metal,cslb,human
263,poodle,is short,gpt_3_filtered,gpt
264,cigarette_butt,has no odor,gpt_3_unfiltered,gpt
265,reindeer,runs fast,gpt_3_filtered,gpt
266,boxing_gloves,has a thumb hole,gpt_3_unfiltered,gpt
267,bear,lives in the wild,gpt_3_filtered_overlap,gpt
268,tray,has a flat bottom,gpt_3_filtered,gpt
269,ice_cream,has a cone,cslb,human
270,doorstop,is used to hold doors open,gpt_3_unfiltered,gpt
271,carnation,has roots,cslb,human
272,crocodile,is an animal,cslb,human
273,broccoli,tastes bad,gpt_3_filtered_overlap,gpt
274,jacket,is used to keep warm,gpt_3_filtered_overlap,gpt
275,harp,is made of wood,gpt_3_filtered,gpt
276,bra,worn for supporting breasts,mcrae,human
277,whistle,used for alerting,mcrae,human
278,guacamole,is made from tomatoes,gpt_3_unfiltered,gpt
279,kite,is used for children,gpt_3_filtered_overlap,gpt
280,pin,is small,mcrae,human
281,goat,has fur,gpt_3_filtered_overlap,gpt
282,fir,does grow,cslb,human
283,stew,has noodles,gpt_3_filtered,gpt
284,trapdoor,is made of different materials,gpt_3_unfiltered,gpt
285,bamboo,is used to make houses,gpt_3_unfiltered,gpt
286,bracelet2,made of silver,mcrae,human
287,weather_vane,has a ball at the end,gpt_3_unfiltered,gpt
288,soup,is warm,cslb,human
289,gopher,an animal,mcrae,human
290,canoe,used by 2 people,mcrae,human
291,cereal,is found in a box,gpt_3_unfiltered,gpt
292,power_line,makes sparks,gpt_3_unfiltered,gpt
293,donkey,produces milk,gpt_3_filtered_overlap,gpt
294,chandelier,made of crystal,mcrae,human
295,hard_disk,has a storage capacity of one tb,gpt_3_unfiltered,gpt
296,guacamole,contains pepper,gpt_3_unfiltered,gpt
297,toilet,is white,mcrae,human
298,toothpick,is hard,gpt_3_unfiltered,gpt
299,boat,is a ship,gpt_3_filtered_overlap,gpt
300,pistol,made of metal,mcrae,human
301,cape,made of cloth,mcrae,human
302,cap_(hat),worn by men,mcrae,human
303,deer,lives in wilderness,mcrae,human
304,sparrow,an animal,mcrae,human
305,record_player,is used for vinyl records,gpt_3_unfiltered,gpt
306,piglet,has three toes on each foot,gpt_3_unfiltered,gpt
307,recorder,has a soft edge,gpt_3_unfiltered,gpt
308,fire_hydrant,is used for parking,gpt_3_filtered,gpt
309,key,is small,mcrae,human
310,gown,is elegant,mcrae,human
311,goldfish,an animal,mcrae,human
312,coconut,has a shell,mcrae,human
313,chute,has a curve,gpt_3_unfiltered,gpt
314,harmonica,is used to make music,gpt_3_filtered_overlap,gpt
315,catapault,has a string,cslb,human
316,knife,is shiny,cslb,human
317,television,has programmes,cslb,human
318,starling,is a small bird,cslb,human
319,vegetable,grows from seeds,gpt_3_unfiltered,gpt
320,yarn,is a material,gpt_3_filtered,gpt
321,saxophone,is gold,mcrae,human
322,castenets,is decorative,cslb,human
323,splinter,comes from a tree,gpt_3_filtered,gpt
324,meatloaf,is eaten with vegetables,gpt_3_unfiltered,gpt
325,spanner,has a shaped end,cslb,human
326,wasp,has legs,cslb,human
327,flip_flop,has a flat sole,cslb,human
328,shrimp,is low in fat,gpt_3_filtered_overlap,gpt
329,saucer,eg - flying saucer,mcrae,human
330,fox,has a thick coat of fur,gpt_3_filtered_overlap,gpt
331,cushion,found on couches,mcrae,human
332,porcupine,is small,mcrae,human
333,harmonica,plays music on it,gpt_3_filtered_overlap,gpt
334,basketball,is used by players,gpt_3_unfiltered,gpt
335,catalogue,does display,cslb,human
336,raisin,is used to bake,gpt_3_filtered,gpt
337,corn,tastes sweet,gpt_3_filtered_overlap,gpt
338,tiger,is wild,gpt_3_unfiltered,gpt
339,leggings,is transparent,gpt_3_filtered,gpt
340,daisy,does smell,cslb,human
341,owl,has a beak,gpt_3_filtered_overlap,gpt
342,airbag,is worn on the chest,gpt_3_unfiltered,gpt
343,toothpick,is associated with food,gpt_3_unfiltered,gpt
344,tongs,is used to grab hot items,gpt_3_unfiltered,gpt
345,rattlesnake,lives in deserts,mcrae,human
346,tuxedo,looks good,gpt_3_filtered,gpt
347,cider,made of pears,cslb,human
348,gyro,is made of beef,gpt_3_filtered,gpt
349,raisin,is black,gpt_3_filtered_overlap,gpt
350,hamster,has hands,cslb,human
351,cilantro,has a pungent taste,gpt_3_filtered,gpt
352,lobster,is a delicacy,gpt_3_filtered_overlap,gpt
353,peg,does pinch,cslb,human
354,seaweed,is used to make tea,gpt_3_filtered_overlap,gpt
355,projector,has wires,gpt_3_filtered_overlap,gpt
356,pie,has a pastry shell,gpt_3_filtered_overlap,gpt
357,hyacinth,has little flowers,cslb,human
358,basket,is found in the country,gpt_3_filtered,gpt
359,lion,has teeth,mcrae,human
360,book,is a container,gpt_3_filtered_overlap,gpt
361,dart,is used to shoot,gpt_3_filtered,gpt
362,tomato,is round,mcrae,human
363,mouse1,a rodent,mcrae,human
364,airplane,used for travel,mcrae,human
365,jellyfish,is found in the sea,gpt_3_filtered,gpt
366,wheel,is used for transportation,gpt_3_filtered_overlap,gpt
367,bra,is sexy,mcrae,human
368,grapefruit,is a citrus fruit,gpt_3_filtered_overlap,gpt
369,pan,made of metal,mcrae,human
370,toad,has feet,cslb,human
371,onions,eg - spanish,mcrae,human
372,wasp,is gray,gpt_3_filtered_overlap,gpt
373,cod,has gills,cslb,human
374,rake,made of metal,cslb,human
375,shawl,made of wool,mcrae,human
376,noodle,is thin,gpt_3_filtered,gpt
377,guinea_pig,eats grass,gpt_3_filtered,gpt
378,gun,is used to kill animals,gpt_3_filtered_overlap,gpt
379,luggage,is used to pack clothes,gpt_3_unfiltered,gpt
380,calf1,has skin,cslb,human
381,baton1,is cylindrical,gpt_3_unfiltered,gpt
382,ostrich,eats bugs,gpt_3_filtered_overlap,gpt
383,spider,has a hard shell,gpt_3_filtered_overlap,gpt
384,diamond,is expensive,gpt_3_unfiltered,gpt
385,trout,a fish,mcrae,human
386,taco,has a filling,gpt_3_filtered,gpt
387,chipmunk,has a short tail,gpt_3_filtered_overlap,gpt
388,crayon,has a name,gpt_3_filtered_overlap,gpt
389,curtain,made of material,mcrae,human
390,bone,is porous,cslb,human
391,window,is stained,cslb,human
392,toast,is consumed with coffee,gpt_3_unfiltered,gpt
393,kangaroo,has long legs,cslb,human
394,motorcycle,travels on roads,gpt_3_unfiltered,gpt
395,shawl,is used as a blanket,gpt_3_filtered_overlap,gpt
396,frisbee,is for children,cslb,human
397,dunebuggy,has 4 wheels,mcrae,human
398,police_car,is used for public transportation,gpt_3_unfiltered,gpt
399,breadbox,is used to store rolls of bread,gpt_3_unfiltered,gpt
400,switch,is used to control lights,gpt_3_unfiltered,gpt
401,bureau,found in bedrooms,mcrae,human
402,shawl,is a piece of clothing,gpt_3_filtered_overlap,gpt
403,rolls_royce,is big,cslb,human
404,bra,is used to push up breasts,cslb,human
405,sock,does smell,cslb,human
406,ladle,is used to cook,gpt_3_filtered_overlap,gpt
407,baklava,is eaten for breakfast,gpt_3_filtered,gpt
408,bean,is brown,cslb,human
409,wheel,is used for vehicles,gpt_3_filtered_overlap,gpt
410,lion,a carnivore,mcrae,human
411,brussel_sprouts,is tasty,cslb,human
412,stick,has a knot,gpt_3_filtered,gpt
413,crepe,is eaten for dessert,gpt_3_filtered,gpt
414,jelly,is eaten with ice cream,cslb,human
415,spareribs,has a bone sticking out of them,gpt_3_unfiltered,gpt
416,chandelier,has a frame,gpt_3_filtered_overlap,gpt
417,chicken2,makes sounds,gpt_3_unfiltered,gpt
418,peas,is soft,cslb,human
419,branch,is long,gpt_3_unfiltered,gpt
420,olive,has a stem,gpt_3_filtered_overlap,gpt
421,peach,is used to snack,gpt_3_filtered_overlap,gpt
422,caterpillar,is a worm,gpt_3_filtered_overlap,gpt
423,screwdriver,found in toolboxes,mcrae,human
424,pepper2,tastes hot/spicy,mcrae,human
425,tie,worn around neck,mcrae,human
426,potato,has green leaves,gpt_3_filtered_overlap,gpt
427,trumpet,a musical instrument,mcrae,human
428,leek,is used to cook,gpt_3_filtered,gpt
429,perch,tastes good,mcrae,human
430,pepper2,is used to chop food,gpt_3_filtered,gpt
431,wrench,made of metal,mcrae,human
432,rice,is fried,cslb,human
433,hippo,is funny,cslb,human
434,hawk,is a bird,cslb,human
435,pony,is fast,gpt_3_unfiltered,gpt
436,headlight,is near the front of the car,gpt_3_unfiltered,gpt
437,recorder,made of wood,cslb,human
438,oyster,does cling to rocks,cslb,human
439,trident,is used for protection,gpt_3_unfiltered,gpt
440,dart,is thrown by hand,gpt_3_unfiltered,gpt
441,butterfly,flies,mcrae,human
442,muzzle,has a strap,mcrae,human
443,microwave,heats food,gpt_3_filtered,gpt
444,microscope,is expensive,mcrae,human
445,bra,has no straps,mcrae,human
446,gum,is pink,gpt_3_filtered,gpt
447,plug_(electric),used for appliances,mcrae,human
448,grasshopper,is an insect,gpt_3_filtered_overlap,gpt
449,mouse1,is used for research,gpt_3_filtered_overlap,gpt
450,hot-water_bottle,is used to warm up the room,gpt_3_unfiltered,gpt
451,cabinet,is moved,gpt_3_filtered,gpt
452,trout,has fins,mcrae,human
453,garlic,grows in gardens,gpt_3_unfiltered,gpt
454,bagpipe,is played by blowing air into it,gpt_3_filtered,gpt
455,grapefruit,is eaten as a vegetable,gpt_3_filtered_overlap,gpt
456,boxing_gloves,is large,gpt_3_filtered,gpt
457,television,has a wire,gpt_3_filtered,gpt
458,flute,is used for classical music,gpt_3_unfiltered,gpt
459,ostrich,has eyes,cslb,human
460,mixer,is electrical,mcrae,human
461,platypus,lays eggs,gpt_3_filtered_overlap,gpt
462,zucchini,has seeds,mcrae,human
463,screen1,is used for business,gpt_3_filtered,gpt
464,basket,does hang,cslb,human
465,submarine,is associated with navies,cslb,human
466,headlight,is blue,gpt_3_filtered,gpt
467,taxi,has an engine,gpt_3_filtered_overlap,gpt
468,card_(greeting),is colourful,mcrae,human
469,beaver,is a herbivore,cslb,human
470,shawl,is worn on the shoulders,gpt_3_filtered_overlap,gpt
471,camel,has big feet,gpt_3_filtered_overlap,gpt
472,earmuffs,is useful,cslb,human
473,toe,does break,cslb,human
474,television,is for games,cslb,human
475,flypaper,is used in homes,gpt_3_unfiltered,gpt
476,parsley,has small leaves,cslb,human
477,hot_tub,is used by people,gpt_3_unfiltered,gpt
478,kilt,is worn by men,gpt_3_unfiltered,gpt
479,screwdriver,is used with screws,gpt_3_filtered_overlap,gpt
480,goat,does eat plants,cslb,human
481,goat,eats grass,gpt_3_unfiltered,gpt
482,tyre,does grip surface,cslb,human
483,sledgehammer,is used to break stones,gpt_3_filtered,gpt
484,snowplow,is used for snow removal,gpt_3_unfiltered,gpt
485,celery,has a stalk,cslb,human
486,peacock,different colours,mcrae,human
487,sparkler,is used to decorate,gpt_3_filtered,gpt
488,eraser,is used for school work,gpt_3_filtered,gpt
489,machete,is found in gardens,gpt_3_filtered_overlap,gpt
490,strainer,is long,gpt_3_filtered_overlap,gpt
491,memory_stick,is used by plugging into a computer,gpt_3_unfiltered,gpt
492,cow,lives in grasslands,gpt_3_filtered,gpt
493,giraffe,is tall,mcrae,human
494,mask,is laughing,cslb,human
495,guitar,creates music,gpt_3_unfiltered,gpt
496,flamingo,has long legs,gpt_3_filtered_overlap,gpt
497,plug,has a flat surface,gpt_3_filtered,gpt
498,cake,is soft,cslb,human
499,pineapple,is crunchy,cslb,human
500,bank,has safety features,gpt_3_unfiltered,gpt
501,leopard,is used by hunters,gpt_3_filtered_overlap,gpt
502,furnace,is used to cook,gpt_3_unfiltered,gpt
503,spoon,used for liquids,mcrae,human
504,cabbage,is eaten by cooking,gpt_3_filtered_overlap,gpt
505,drain,is used to wash clothes,gpt_3_filtered,gpt
506,wheelchair,is transport,cslb,human
507,gate,is used to enter and exit,gpt_3_filtered_overlap,gpt
508,peacock,is a colorful bird,gpt_3_unfiltered,gpt
509,lamb,is eaten,gpt_3_filtered_overlap,gpt
510,spam,is round,gpt_3_unfiltered,gpt
511,doorknocker,is used in houses,gpt_3_filtered,gpt
512,shopping_basket,is used in supermarkets,gpt_3_filtered,gpt
513,weather_vane,is shiny,gpt_3_unfiltered,gpt
514,foot,is strong,cslb,human
515,robe,is worn under clothes,gpt_3_filtered_overlap,gpt
516,avocado,is a food,gpt_3_filtered_overlap,gpt
517,coyote,a dog,mcrae,human
518,videocassette,requires players,gpt_3_filtered,gpt
519,balloon,is used at parties,gpt_3_filtered_overlap,gpt
520,sandals,is worn on feet,cslb,human
521,wand,is black,mcrae,human
522,sheet,covers the body,gpt_3_filtered,gpt
523,glove,is used to play baseball,gpt_3_filtered,gpt
524,coat,is big,cslb,human
525,plate,used for putting food on,mcrae,human
526,fishnet_stockings,has a black pattern,gpt_3_unfiltered,gpt
527,duck,has a beak,mcrae,human
528,shawl,different colours,mcrae,human
529,rocket,flies in the air,gpt_3_filtered_overlap,gpt
530,oven,made of metal,mcrae,human
531,mushroom,is white,gpt_3_filtered_overlap,gpt
532,bassinet,is folded,gpt_3_unfiltered,gpt
533,parakeet,is exotic,cslb,human
534,elbow,is hurt,gpt_3_filtered,gpt
535,dollhouse,is used to play with children,gpt_3_unfiltered,gpt
536,nose,is on a face,gpt_3_unfiltered,gpt
537,wrench,used for tightening,mcrae,human
538,gin,is a drink,cslb,human
539,tape_recorder,is a piece of technology,gpt_3_filtered,gpt
540,sprinkler,makes a lot of water,gpt_3_unfiltered,gpt
541,grasshopper,has wings,cslb,human
542,corkscrew,made of metal,mcrae,human
543,incense,is used for ceremonial purposes,gpt_3_unfiltered,gpt
544,piano,has keys,mcrae,human
545,grenade,kills people,gpt_3_filtered_overlap,gpt
546,spider,has a long tail,gpt_3_unfiltered,gpt
547,cane,is medical,gpt_3_filtered,gpt
548,pistachio,is nutritious,gpt_3_filtered,gpt
549,wrench,is heavy,mcrae,human
550,windshield,is made of metal,gpt_3_unfiltered,gpt
551,bookshelf,holds books,gpt_3_filtered,gpt
552,cork,is found in boats,gpt_3_filtered_overlap,gpt
553,recorder,does make music,cslb,human
554,bulletproof_vest,is used in war,gpt_3_filtered,gpt
555,prune,is old,gpt_3_filtered_overlap,gpt
556,bottle_opener,is used by men,gpt_3_filtered,gpt
557,brick,is hard,cslb,human
558,rock,is small,cslb,human
559,bungee,is used to jump off cliffs,gpt_3_unfiltered,gpt
560,latch,comes in pairs,gpt_3_unfiltered,gpt
561,swimsuit,is used for sports,gpt_3_filtered_overlap,gpt
562,mouse1,has feet,cslb,human
563,stove,is used in cooking,cslb,human
564,generator,is used for power,gpt_3_unfiltered,gpt
565,limousine,has a large engine,gpt_3_filtered,gpt
566,artichoke,has thorns,gpt_3_unfiltered,gpt
567,ready_meal,requires heating up,gpt_3_unfiltered,gpt
568,gravy,is made of vegetables,gpt_3_filtered,gpt
569,fern,has spores,gpt_3_filtered,gpt
570,tank1,is used to transport supplies,gpt_3_filtered,gpt
571,encyclopaedia,has spines,cslb,human
572,boots,is brown,mcrae,human
573,catapault,has a base,cslb,human
574,fence,is used to keep things in and out,gpt_3_filtered_overlap,gpt
575,wagon,is old fashioned,gpt_3_unfiltered,gpt
576,lab_coat,has sleeves,gpt_3_unfiltered,gpt
577,tugboat,is used to move boats,gpt_3_filtered,gpt
578,mattress,is made of fabric,gpt_3_filtered,gpt
579,garlic,has an aroma,gpt_3_filtered_overlap,gpt
580,file2,is used to keep important papers,gpt_3_unfiltered,gpt
581,salad,is eaten cold,gpt_3_filtered,gpt
582,hoe,is used to kill animals,gpt_3_filtered_overlap,gpt
583,pickle,is eaten in hot dogs,gpt_3_unfiltered,gpt
584,camel,is domesticated,gpt_3_filtered_overlap,gpt
585,cork,is a piece of wood,gpt_3_filtered_overlap,gpt
586,jeans,made of denim,mcrae,human
587,penguin,lays eggs,gpt_3_filtered_overlap,gpt
588,espresso,has a color,gpt_3_unfiltered,gpt
589,doily,is decorative,gpt_3_unfiltered,gpt
590,raft,made of wood,mcrae,human
591,doll,is male or female,cslb,human
592,football,is made of material,gpt_3_filtered_overlap,gpt
593,banana,is small,gpt_3_filtered_overlap,gpt
594,ram,lives in the wild,gpt_3_unfiltered,gpt
595,videogame,is a computer game,gpt_3_filtered,gpt
596,stick,is found in forests,gpt_3_filtered,gpt
597,chisel,requires a hammer,mcrae,human
598,jeep,is used to transport goods,gpt_3_filtered_overlap,gpt
599,ladder,is long,cslb,human
600,gravy,has a salty taste,gpt_3_filtered,gpt
601,car_seat,has different shapes,gpt_3_filtered,gpt
602,land_rover,is used in army,cslb,human
603,hyacinth,does smell,cslb,human
604,cannon,is heavy,mcrae,human
605,screen1,is a shape,gpt_3_filtered,gpt
606,spider,is large,mcrae,human
607,thumb,is used to hold,cslb,human
608,necklace,is used for jewelry,gpt_3_filtered,gpt
609,projector,used for enlarging pictures,mcrae,human
610,cork,used for sealing wine bottles,mcrae,human
611,skyscraper,has many floors,mcrae,human
612,perch,lays eggs,mcrae,human
613,camisole,has straps,mcrae,human
614,bread,made of flour,mcrae,human
615,egg,is associated with easter,gpt_3_unfiltered,gpt
616,rocket,is red,gpt_3_filtered_overlap,gpt
617,grenade,used by the military,mcrae,human
618,beaver,symbol of Canada,mcrae,human
619,hotplate,is used for heating,gpt_3_filtered,gpt
620,cabbage,is green,mcrae,human
621,screen1,has different uses,gpt_3_filtered,gpt
622,grasshopper,has legs,mcrae,human
623,cup,different colours,mcrae,human
624,toga,is long,gpt_3_filtered,gpt
625,rocket,has a nose,gpt_3_filtered_overlap,gpt
626,cigar,is used for parties,gpt_3_filtered,gpt
627,rope,is used by sailors,gpt_3_filtered_overlap,gpt
628,parka,is warm,mcrae,human
629,lantern,is electrical,gpt_3_filtered_overlap,gpt
630,dragonfly,has big eyes,cslb,human
631,ship,floats,gpt_3_filtered_overlap,gpt
632,torch,is used to light up the night,gpt_3_unfiltered,gpt
633,eel,has a sharp nose,gpt_3_filtered_overlap,gpt
634,cherry,grows in gardens,gpt_3_filtered_overlap,gpt
635,cruise_ship,has a gym,gpt_3_unfiltered,gpt
636,beehive,has bees in it,gpt_3_unfiltered,gpt
637,rocking_chair,is a chair,cslb,human
638,duffel_bag,is used for men,gpt_3_unfiltered,gpt
639,penguin,lays eggs,gpt_3_filtered_overlap,gpt
640,tongs,is used by women,gpt_3_filtered,gpt
641,colander,a utensil,mcrae,human
642,squid,is squashy,cslb,human
643,chipmunk,has teeth,gpt_3_filtered_overlap,gpt
644,elephant,has a trunk,mcrae,human
645,llama,is a mammal,cslb,human
646,rice,is boiled,gpt_3_filtered_overlap,gpt
647,cloak,made of leather,cslb,human
648,brochure,is a document,cslb,human
649,blimp,flies,gpt_3_filtered,gpt
650,tray,is for parties,cslb,human
651,cage,is used to transport animals,gpt_3_filtered_overlap,gpt
652,pillow,is white,gpt_3_filtered_overlap,gpt
653,coconut,grows in trees,gpt_3_filtered,gpt
654,bowl,found in kitchens,mcrae,human
655,earmuffs,worn in cold temperatures,mcrae,human
656,mushroom,is brown,mcrae,human
657,loincloth,has a fringe,gpt_3_filtered,gpt
658,gift,has a ribbon,gpt_3_unfiltered,gpt
659,tent,is a house,gpt_3_filtered_overlap,gpt
660,mint,has seeds,gpt_3_filtered,gpt
661,wall,found in houses,mcrae,human
662,barnacle,is edible,gpt_3_unfiltered,gpt
663,sweet_potato,has a long stem,gpt_3_unfiltered,gpt
664,brass_knuckles,is dangerous,gpt_3_filtered,gpt
665,tambourine,is made of metal,gpt_3_unfiltered,gpt
666,brussels_sprouts,is crunchy,gpt_3_filtered,gpt
667,chalice,is used in religious ceremonies,gpt_3_filtered,gpt
668,rat,does live in sewers,cslb,human
669,rattlesnake,has a tongue,mcrae,human
670,bark,has different thicknesses,gpt_3_unfiltered,gpt
671,rolling_pin,is used to flatten,gpt_3_filtered,gpt
672,buckle,is an orange,gpt_3_filtered_overlap,gpt
673,housefly,a pest,mcrae,human
674,jelly,is soft,cslb,human
675,swab,has a long handle,gpt_3_filtered,gpt
676,peanut_butter,is used to make sandwiches,gpt_3_unfiltered,gpt
677,accordion,is played by italians,gpt_3_unfiltered,gpt
678,zebra,has stripes,gpt_3_filtered,gpt
679,moth,has a thorax,gpt_3_filtered_overlap,gpt
680,bucket,has a lid,gpt_3_filtered_overlap,gpt
681,vacuum,is used to clean walls,gpt_3_filtered,gpt
682,cape,is worn at night,gpt_3_filtered,gpt
683,tablet,is a phone,gpt_3_filtered,gpt
684,cloud,is seen at night,gpt_3_unfiltered,gpt
685,bellows,is kept in museums,cslb,human
686,rollerskate,is used in sport,cslb,human
687,duck,is edible,gpt_3_filtered_overlap,gpt
688,waffle,is eaten with syrup,gpt_3_unfiltered,gpt
689,mask,is used in sports,gpt_3_unfiltered,gpt
690,chair,used by sitting on,mcrae,human
691,caterpillar,is small,mcrae,human
692,cow,used for producing milk,mcrae,human
693,wrapping_paper,has a border,gpt_3_unfiltered,gpt
694,radio,is used for sports,gpt_3_filtered_overlap,gpt
695,steering_wheel,has a wheel in the center,gpt_3_unfiltered,gpt
696,potato,has different colors,gpt_3_filtered_overlap,gpt
697,tuba,is played by a musician,gpt_3_filtered_overlap,gpt
698,stool_(furniture),has a cushion,mcrae,human
699,cobra,is lethal,gpt_3_unfiltered,gpt
700,brick,made of stone,cslb,human
701,cardboard,is used to make shelters,gpt_3_unfiltered,gpt
702,shrimp,has eyes,gpt_3_filtered_overlap,gpt
703,airbag,has a steering wheel,gpt_3_filtered,gpt
704,kettle,used for boiling water,mcrae,human
705,menu,made of paper,mcrae,human
706,wand,has powers,cslb,human
707,tugboat,has a motor,gpt_3_filtered,gpt
708,lemon,has a rind,gpt_3_unfiltered,gpt
709,owl,is nocturnal,mcrae,human
710,banner,is red,gpt_3_filtered,gpt
711,tangerine,grows on trees,mcrae,human
712,hoe,is used to cultivate ground,gpt_3_unfiltered,gpt
713,parakeet,has feathers,mcrae,human
714,jug,has no lid,cslb,human
715,blackberry,has a leaf,gpt_3_filtered,gpt
716,apple,has skin,mcrae,human
717,platypus,is a carnivore,gpt_3_filtered,gpt
718,grapefruit,is a fruit,gpt_3_filtered_overlap,gpt
719,sword,is dangerous,cslb,human
720,ring,is a symbol of love,cslb,human
721,cushion,is used to sleep,gpt_3_filtered_overlap,gpt
722,sim_card,has a name,gpt_3_filtered,gpt
723,cello,is mournful,cslb,human
724,trousers,is smart,cslb,human
725,bag,different colours,mcrae,human
726,doily,has lace on it,gpt_3_unfiltered,gpt
727,skunk,lives on farms,gpt_3_filtered_overlap,gpt
728,daffodil,does reproduce,cslb,human
729,rattle,has a bell,gpt_3_filtered_overlap,gpt
730,rhino,is a mammal,cslb,human
731,amplifier,has an input and output jack,gpt_3_unfiltered,gpt
732,canoe,has a bottom,gpt_3_filtered_overlap,gpt
733,go-kart,has a seat for one person,gpt_3_unfiltered,gpt
734,dresser,is traditional,cslb,human
735,lobster,a crustacean,mcrae,human
736,eyepiece,is used to read,gpt_3_unfiltered,gpt
737,celery,is stringy,gpt_3_filtered_overlap,gpt
738,sea_urchin,has a hard shell,gpt_3_filtered,gpt
739,dryer,has a top,gpt_3_unfiltered,gpt
740,ham,is used in cooking,cslb,human
741,tuba,has different sizes,gpt_3_filtered_overlap,gpt
742,heart,has muscles,cslb,human
743,piano,is played with the hands,gpt_3_filtered_overlap,gpt
744,piano,is played at home,gpt_3_filtered_overlap,gpt
745,seaweed,is an animal,gpt_3_unfiltered,gpt
746,card,has a border,gpt_3_filtered,gpt
747,sock,is plain,cslb,human
748,meat_grinder,is used to cook meat,gpt_3_filtered,gpt
749,spam,comes from pigs,gpt_3_unfiltered,gpt
750,doorknob,made of brass,mcrae,human
751,torso,has a back,gpt_3_filtered,gpt
752,folder,has a tab,gpt_3_unfiltered,gpt
753,falcon,an animal,mcrae,human
754,alligator,has glaring eyes,cslb,human
755,valium,is a pill,cslb,human
756,menu,used for ordering food,mcrae,human
757,spinach,a vegetable,mcrae,human
758,worm,is an insect,gpt_3_filtered_overlap,gpt
759,heron,is an animal,cslb,human
760,duck,does float,cslb,human
761,limousine,is big,cslb,human
762,windsock,is a tube,gpt_3_unfiltered,gpt
763,pizza,has vegetables,gpt_3_unfiltered,gpt
764,brownie,has a crispy top,gpt_3_unfiltered,gpt
765,hip,is where the thigh and trunk meet,gpt_3_unfiltered,gpt
766,suit,is worn at funerals,gpt_3_filtered,gpt
767,iron,has a cord to plug in,gpt_3_unfiltered,gpt
768,ball,is used to play games,gpt_3_filtered,gpt
769,gorilla,does swing,cslb,human
770,nectarine,has skin,cslb,human
771,snail,is used to eat vegetables,gpt_3_filtered_overlap,gpt
772,nut,has a shell,gpt_3_unfiltered,gpt
773,veil,made of lace,mcrae,human
774,grinder,is used for meat,gpt_3_filtered,gpt
775,broccoli,is found in supermarkets,gpt_3_filtered_overlap,gpt
776,penguin,lives in cold climates,mcrae,human
777,raccoon,is a scavenger,gpt_3_filtered_overlap,gpt
778,banjo,is round,mcrae,human
779,ostrich,has a beak,gpt_3_filtered_overlap,gpt
780,dress,has a skirt,cslb,human
781,rain_gauge,is used to measure water,gpt_3_unfiltered,gpt
782,rope,used for climbing,mcrae,human
783,cheese,is blue,cslb,human
784,rolling_pin,has a round shape,gpt_3_filtered,gpt
785,van,has 4 wheels,mcrae,human
786,bear,has fur,mcrae,human
787,cork,is wood,gpt_3_filtered_overlap,gpt
788,gourd,has a skin,gpt_3_unfiltered,gpt
789,mouse1,does squeak,cslb,human
790,meerkat,has hair,gpt_3_filtered,gpt
791,biscuit,is small,mcrae,human
792,lifesaver,is used to boat,gpt_3_filtered,gpt
793,gumball,has different colors,gpt_3_filtered,gpt
794,puppy,is domestic,gpt_3_filtered,gpt
795,celery,is a leafy green,gpt_3_filtered_overlap,gpt
796,oak,is strong,mcrae,human
797,bike,eg - ten speed,mcrae,human
798,shell3,is used to make instruments,gpt_3_unfiltered,gpt
799,headdress,has decorations,gpt_3_filtered,gpt
800,dishwasher,does save effort,cslb,human
801,flagpole,is used to show respect,gpt_3_filtered,gpt
802,platypus,is found near water,gpt_3_filtered_overlap,gpt
803,tugboat,has a captain,cslb,human
804,squirt_gun,is found in supermarkets,gpt_3_filtered,gpt
805,trousers,is comfortable,mcrae,human
806,crown,has jewels,mcrae,human
807,brownie,is a cake,gpt_3_unfiltered,gpt
808,rocking_chair,is used in the garden,gpt_3_filtered,gpt
809,buckle,has a prong,cslb,human
810,curtain,covers windows,gpt_3_unfiltered,gpt
811,potato,made of carbohydrate,cslb,human
812,guitar,is played by adults,gpt_3_filtered_overlap,gpt
813,lion,lives in zoos,gpt_3_filtered_overlap,gpt
814,jam,is strawberry,cslb,human
815,rice,has a hull,gpt_3_unfiltered,gpt
816,watermelon,is a fruit,gpt_3_filtered,gpt
817,robe,has a hood,cslb,human
818,jacket,is used for protection,gpt_3_filtered,gpt
819,pistol,is dangerous,mcrae,human
820,rattle,is a percussion instrument,gpt_3_filtered_overlap,gpt
821,nail_polish,is made of liquid,gpt_3_unfiltered,gpt
822,eggshell,has a small hole,gpt_3_unfiltered,gpt
823,cap_(bottle),made of plastic,mcrae,human
824,orchid,does photosynthesise,cslb,human
825,chipmunk,has a large head,gpt_3_filtered,gpt
826,guinea_pig,is warm,cslb,human
827,eel,lives in water,mcrae,human
828,wagon,has a covering,mcrae,human
829,whip,is used on horses,cslb,human
830,mixer,is used to cook,gpt_3_filtered,gpt
831,hose,is used for cleaning,cslb,human
832,flamingo,has thin legs,cslb,human
833,copier,is used to send faxes,gpt_3_filtered,gpt
834,pistachio,is eaten as a dessert,gpt_3_filtered,gpt
835,starling,flies,mcrae,human
836,bank,has windows,gpt_3_unfiltered,gpt
837,lid,is the top of a container,gpt_3_unfiltered,gpt
838,cabbage,is grown in gardens,gpt_3_filtered_overlap,gpt
839,flashlight,has different colors,gpt_3_unfiltered,gpt
840,dolphin,has fins,mcrae,human
841,thimble,is small,mcrae,human
842,lumber,is a building material,gpt_3_filtered,gpt
843,onion,has rings,cslb,human
844,fern,grows in forests,gpt_3_unfiltered,gpt
845,scoreboard,has different colors,gpt_3_unfiltered,gpt
846,sailboat,is red,gpt_3_filtered,gpt
847,saddle,has a back,gpt_3_filtered,gpt
848,hot_chocolate,is a sweet drink,gpt_3_filtered,gpt
849,lizard,has sharp teeth,gpt_3_filtered,gpt
850,hole,is made of mud,gpt_3_unfiltered,gpt
851,pillow,is used to sit on,gpt_3_filtered,gpt
852,vent,is used to prevent heat build - up,gpt_3_unfiltered,gpt
853,trumpet,is played by blowing,gpt_3_filtered_overlap,gpt
854,wren,is found in gardens,cslb,human
855,stair,has a railing,gpt_3_filtered,gpt
856,rose,is used for tea,gpt_3_unfiltered,gpt
857,bagel,is made of wheat,gpt_3_unfiltered,gpt
858,cauliflower,is eaten in winter,gpt_3_filtered_overlap,gpt
859,beaver,does eat,cslb,human
860,cage,is used to keep things in,gpt_3_filtered_overlap,gpt
861,crowbar,is used to break things open,gpt_3_filtered_overlap,gpt
862,van,has wheels,mcrae,human
863,napkin,is soft,gpt_3_filtered_overlap,gpt
864,pier,used for boats,mcrae,human
865,ravioli,is cooked in boiling water,gpt_3_filtered,gpt
866,cork,is used to seal things,gpt_3_filtered_overlap,gpt
867,puffin,is a wild animal,gpt_3_filtered,gpt
868,coffee_filter,is used to strain liquids,gpt_3_unfiltered,gpt
869,quesadilla,is served with salsa and guacamole,gpt_3_unfiltered,gpt
870,pie,has a top,cslb,human
871,roadsweeper,has four wheels,gpt_3_filtered,gpt
872,willow,does need water,cslb,human
873,corkscrew,used for opening wine bottles,mcrae,human
874,dessert,is a sweet treat,gpt_3_filtered,gpt
875,sunflower,is annual,gpt_3_filtered,gpt
876,pogo_stick,is long,gpt_3_unfiltered,gpt
877,chair,has armrests,mcrae,human
878,test_tube,is used to store chemicals,gpt_3_unfiltered,gpt
879,sandpaper,is used to write,gpt_3_filtered_overlap,gpt
880,sword,is sharp,mcrae,human
881,spout,pours water,gpt_3_unfiltered,gpt
882,pineapple,has a ring,gpt_3_filtered_overlap,gpt
883,rocket,made by N.A.S.A.,mcrae,human
884,oyster,does filter feed,cslb,human
885,cantaloupe,tastes good,mcrae,human
886,porcupine,lives in forests,mcrae,human
887,panther,likes to eat meat,gpt_3_unfiltered,gpt
888,oriole,has feathers,mcrae,human
889,cello,is played with a bow,gpt_3_filtered_overlap,gpt
890,parsley,is found in gardens,gpt_3_filtered_overlap,gpt
891,boat,made of wood,mcrae,human
892,sandwich,has pastrami,cslb,human
893,bean,is soft,cslb,human
894,owl,has a beak,cslb,human
895,jacket,made of fabric,cslb,human
896,tuxedo,is worn at the opera,gpt_3_unfiltered,gpt
897,camisole,made of cotton,mcrae,human
898,rifle,is used to kill people,gpt_3_filtered_overlap,gpt
899,coat,is worn to cover body,gpt_3_unfiltered,gpt
900,nectarine,tastes sweet,mcrae,human
901,brussel_sprouts,is tasty,cslb,human
902,doorstop,is used to prevent doors from slamming,gpt_3_unfiltered,gpt
903,helmet,is used for sports,gpt_3_filtered_overlap,gpt
904,camisole,worn on torso,mcrae,human
905,typewriter,has keys,mcrae,human
906,mast,is a long piece of wood,gpt_3_filtered,gpt
907,camel,has a long tongue,cslb,human
908,chair,is found in homes,cslb,human
909,hummingbird,has beak,gpt_3_unfiltered,gpt
910,stove1,is rectangular,gpt_3_filtered,gpt
911,mink_(coat),worn by rich people,mcrae,human
912,worm,is white,gpt_3_filtered_overlap,gpt
913,pistol,used for wounding,mcrae,human
914,cloak,is used to protect the body,gpt_3_filtered,gpt
915,racehorse,comes in first place,gpt_3_unfiltered,gpt
916,ravioli,is delicious,gpt_3_unfiltered,gpt
917,typewriter,has a paper holder,gpt_3_filtered_overlap,gpt
918,unicycle,has spokes,cslb,human
919,harp,is large,mcrae,human
920,muffin,has chocolate chips,gpt_3_unfiltered,gpt
921,kingfisher,made of bones,cslb,human
922,telescope,has a mount,gpt_3_filtered,gpt
923,wall,found in rooms,mcrae,human
924,cash_register,has a screen,gpt_3_filtered,gpt
925,ostrich,is big,cslb,human
926,cedar,has needles,mcrae,human
927,surfboard,is found in the water,gpt_3_filtered_overlap,gpt
928,lantern,is made of wood,gpt_3_filtered_overlap,gpt
929,reel,is used to videoe,gpt_3_unfiltered,gpt
930,bolo_tie,is a tie,gpt_3_unfiltered,gpt
931,chickadee,has feet,mcrae,human
932,fireplace,has wood,gpt_3_unfiltered,gpt
933,pepper1,is used in cooking,gpt_3_unfiltered,gpt
934,speaker,is made of wood,gpt_3_filtered,gpt
935,bonnet,has a motor,gpt_3_filtered,gpt
936,blowfish,has a beak,gpt_3_filtered,gpt
937,grain,is used to bake bread,gpt_3_filtered,gpt
938,basement,found below ground,mcrae,human
939,bra,is comfortable,gpt_3_filtered_overlap,gpt
940,streetlight,has an inside,gpt_3_unfiltered,gpt
941,airbag,is used to save lives,gpt_3_filtered,gpt
942,bulletin_board,is used to post,gpt_3_unfiltered,gpt
943,wheelbarrow,is used to move heavy things,gpt_3_filtered_overlap,gpt
944,bug,is brown,gpt_3_filtered,gpt
945,dragonfly,is edible,gpt_3_unfiltered,gpt
946,crayon,has a tip,gpt_3_filtered,gpt
947,taxi,has different colors,gpt_3_filtered_overlap,gpt
948,cat,has eyes,cslb,human
949,screwdriver,is any size,cslb,human
950,inkwell,has a plug,gpt_3_filtered,gpt
951,beaker,is used by chemists,gpt_3_unfiltered,gpt
952,pine,is prickly,cslb,human
953,kite,is found at the beach,gpt_3_filtered_overlap,gpt
954,binder,is used to keep papers in order,gpt_3_unfiltered,gpt
955,pliers,is used by plumbers,cslb,human
956,throne,has arms,cslb,human
957,bumper,is used for protection,gpt_3_filtered,gpt
958,scarf,is made of wool,gpt_3_filtered_overlap,gpt
959,scooter,has an engine,mcrae,human
960,pliers,is made of steel,gpt_3_filtered_overlap,gpt
961,lamb,has a coat,gpt_3_unfiltered,gpt
962,onions,causes bad breath,mcrae,human
963,cigarette,has tobacco,cslb,human
964,herring,has eyes,cslb,human
965,pigeon,does bob its head,cslb,human
966,helicopter,has four wheels,gpt_3_filtered_overlap,gpt
967,lettuce,has flowers,gpt_3_filtered,gpt
968,building,used for residences,mcrae,human
969,cheese,smells distinct,mcrae,human
970,chest2,has a door,gpt_3_filtered,gpt
971,snail,is a pest,cslb,human
972,washcloth,is made of different materials,gpt_3_unfiltered,gpt
973,whale,is found in the sea,gpt_3_filtered_overlap,gpt
974,bowl,has depth,cslb,human
975,banner,is attached to poles,gpt_3_unfiltered,gpt
976,wheelchair,is folded up,gpt_3_filtered,gpt
977,arm,is part of the human body,gpt_3_unfiltered,gpt
978,bat1,is an animal,gpt_3_filtered_overlap,gpt
979,bat1,is used to hunt,gpt_3_filtered_overlap,gpt
980,goldfish,is red,gpt_3_filtered_overlap,gpt
981,bed,has a blanket,gpt_3_unfiltered,gpt
982,apple,is eaten by cooking,gpt_3_filtered_overlap,gpt
983,sofa,used for watching television,mcrae,human
984,pipe1,made of bone,cslb,human
985,jug,has a mouth,cslb,human
986,seahorse,is a fish,cslb,human
987,visor,is used by soldiers,gpt_3_unfiltered,gpt
988,grasshopper,lives in gardens,gpt_3_unfiltered,gpt
989,raincoat,is used for water,gpt_3_filtered,gpt
990,clay,contains minerals,gpt_3_unfiltered,gpt
991,memory_stick,has different sizes,gpt_3_filtered,gpt
992,harp,made of wood,cslb,human
993,swing_set,is dangerous,gpt_3_unfiltered,gpt
994,propeller,is used for transportation,gpt_3_unfiltered,gpt
995,sim_card,is used with a cell phone,gpt_3_unfiltered,gpt
996,trident,is a spear,gpt_3_unfiltered,gpt
997,cart,has a seat belt,gpt_3_filtered_overlap,gpt
998,broccoli,is nutritious,mcrae,human
999,broom,is associated with witches,gpt_3_filtered_overlap,gpt
1000,biscuit,has butter,gpt_3_filtered,gpt
1001,sweet_potato,has a skin,gpt_3_filtered,gpt
1002,cantaloupe,a melon,mcrae,human
1003,combination_lock,is made of plastic,gpt_3_filtered,gpt
1004,paper_bag,is used to carry food,gpt_3_filtered,gpt
1005,jar,has a label,cslb,human
1006,sticker,has a taste,gpt_3_unfiltered,gpt
1007,yak,has long eyelashes,gpt_3_unfiltered,gpt
1008,cot,is used for children,gpt_3_filtered,gpt
1009,measuring_cup,is used to measure water,gpt_3_unfiltered,gpt
1010,horse,does walk,cslb,human
1011,highlighter,has a tip,gpt_3_filtered,gpt
1012,sardine,is eaten for lunch,gpt_3_unfiltered,gpt
1013,rose,is prickly,cslb,human
1014,parking_meter,has a ticket dispenser,gpt_3_unfiltered,gpt
1015,warthog,has an elongated snout,gpt_3_filtered,gpt
1016,hippo,does eat,cslb,human
1017,kneepad,is used by wrestlers,gpt_3_unfiltered,gpt
1018,bridge,does cross a road,cslb,human
1019,hawk,is strong,cslb,human
1020,stingray,swims in the water,gpt_3_unfiltered,gpt
1021,raisin,is eaten with coffee,gpt_3_filtered_overlap,gpt
1022,potato,is eaten in pies,gpt_3_filtered,gpt
1023,juice,is cold,gpt_3_unfiltered,gpt
1024,motorcycle,is ridden on the road,gpt_3_filtered,gpt
1025,envelope,is used to send,gpt_3_filtered_overlap,gpt
1026,bow2,is red,mcrae,human
1027,vulture,is ugly,mcrae,human
1028,shoes,made of material,mcrae,human
1029,revolver,is used by the military,gpt_3_filtered_overlap,gpt
1030,clamp,made of metal,cslb,human
1031,avocado,tastes sweet,gpt_3_filtered_overlap,gpt
1032,handle,has screws,gpt_3_unfiltered,gpt
1033,ostrich,lives on farms,gpt_3_filtered,gpt
1034,flip_flop,is worn by children,gpt_3_unfiltered,gpt
1035,chimp,climbs,mcrae,human
1036,buggy,has 4 wheels,mcrae,human
1037,jumpsuit,is worn by motorcyclists,gpt_3_filtered,gpt
1038,wasp,found in summer,mcrae,human
1039,apron,is used to carry stuff,gpt_3_filtered_overlap,gpt
1040,comb,is used to make hair look neat,gpt_3_filtered_overlap,gpt
1041,sellotape,does lose sticking ability,cslb,human
1042,buggy,used by pushing,mcrae,human
1043,mirror,different sizes,mcrae,human
1044,turtle,an amphibian,mcrae,human
1045,newspaper,has features,cslb,human
1046,lamb,is an animal,cslb,human
1047,peach,is used for juice,gpt_3_filtered,gpt
1048,trolley,used on tracks,mcrae,human
1049,drum,has a skin,gpt_3_filtered_overlap,gpt
1050,life_jacket,is worn over clothes,gpt_3_filtered,gpt
1051,mayonnaise,is used to flavour food,cslb,human
1052,radish,has a thick skin,gpt_3_filtered_overlap,gpt
1053,pug,has a curly tail,gpt_3_filtered,gpt
1054,spear,is thrust,cslb,human
1055,woman,has a face,gpt_3_unfiltered,gpt
1056,lasagna,is eaten as food,gpt_3_filtered,gpt
1057,raccoon,is black,cslb,human
1058,chain,is used for dog leads,cslb,human
1059,camel,is like a cow,gpt_3_filtered_overlap,gpt
1060,bed,used for sleeping,mcrae,human
1061,flea,is annoying,mcrae,human
1062,pear,comes in bunches,gpt_3_filtered_overlap,gpt
1063,bolt,is a hardware item,gpt_3_unfiltered,gpt
1064,seagull,is white,gpt_3_filtered_overlap,gpt
1065,saddle,used on horses,mcrae,human
1066,barrel,is made of wood,gpt_3_filtered_overlap,gpt
1067,card_(greeting),made of paper,mcrae,human
1068,lamb,is an animal,gpt_3_filtered_overlap,gpt
1069,beetle,flies backwards,gpt_3_filtered_overlap,gpt
1070,pistol,has a barrel,cslb,human
1071,lamb,is a pet,gpt_3_filtered,gpt
1072,carnation,is popular,cslb,human
1073,coin,made of silver,mcrae,human
1074,spinach,has flowers,gpt_3_unfiltered,gpt
1075,gun,used for crimes,mcrae,human
1076,centipede,is green,cslb,human
1077,avocado,is eaten,gpt_3_filtered_overlap,gpt
1078,chute,is fun,gpt_3_filtered,gpt
1079,pita,has a filling of cheese,gpt_3_unfiltered,gpt
1080,gown,is fancy,mcrae,human
1081,thimble,is a sewing tool,gpt_3_filtered_overlap,gpt
1082,perch,a fish,mcrae,human
1083,teddy_bear,has a smile,gpt_3_unfiltered,gpt
1084,eggshell,is recycled,gpt_3_filtered,gpt
1085,fishing_pole,is used in the sea,gpt_3_unfiltered,gpt
1086,saucer,is round,mcrae,human
1087,prune,has a pit,mcrae,human
1088,speedboat,has a windscreen,cslb,human
1089,hash,has oil,gpt_3_unfiltered,gpt
1090,carpet,found on floors,mcrae,human
1091,engine,has propellers,gpt_3_filtered,gpt
1092,spider,is black,gpt_3_filtered_overlap,gpt
1093,pig,has a tail,mcrae,human
1094,harmonica,is used in jazz music,gpt_3_filtered_overlap,gpt
1095,microphone,is sound,gpt_3_unfiltered,gpt
1096,hawk,eats rodents,mcrae,human
1097,raspberry,is small,gpt_3_filtered_overlap,gpt
1098,onion,has a strong flavour,cslb,human
1099,elbow,moves the arm,gpt_3_unfiltered,gpt
1100,weather_vane,is used to show wind direction,gpt_3_unfiltered,gpt
1101,barn,is red,mcrae,human
1102,lantern,does come from China,cslb,human
1103,encyclopaedia,is heavy,cslb,human
1104,taxi,has passengers,cslb,human
1105,sparrow,an animal,mcrae,human
1106,pepper_mill,has a long handle,gpt_3_unfiltered,gpt
1107,lasagna,is a food,gpt_3_unfiltered,gpt
1108,pearl,is used for jewelry,gpt_3_unfiltered,gpt
1109,microscope,is used to study small things,gpt_3_unfiltered,gpt
1110,cream_cheese,is white in color,gpt_3_filtered,gpt
1111,cheetah,has black spots,mcrae,human
1112,limousine,is a car,cslb,human
1113,cap,is made of plastic,gpt_3_filtered,gpt
1114,clarinet,a musical instrument,mcrae,human
1115,cart,has a flat bed,gpt_3_filtered_overlap,gpt
1116,hammock,has a net,gpt_3_filtered,gpt
1117,tank1,has treads,gpt_3_filtered,gpt
1118,grater,is used for cheese,gpt_3_filtered_overlap,gpt
1119,projector,is rectangular,cslb,human
1120,snowplow,is found on trucks,gpt_3_filtered,gpt
1121,sorbet,is a smoothie,gpt_3_unfiltered,gpt
1122,boa,is a carnivore,gpt_3_filtered,gpt
1123,land_rover,is off road,cslb,human
1124,tripod,is used to take photos,gpt_3_filtered_overlap,gpt
1125,hood,is made out of cloth,gpt_3_unfiltered,gpt
1126,carpet,is soft,mcrae,human
1127,credit_card,is a form of money,gpt_3_unfiltered,gpt
1128,armchair,is for one person,cslb,human
1129,ear,has flesh,cslb,human
1130,turkey,lives on farms,mcrae,human
1131,calf1,is young,gpt_3_filtered_overlap,gpt
1132,hot-air_balloon,is used in the sky,gpt_3_unfiltered,gpt
1133,necklace,is worn by girls,gpt_3_filtered_overlap,gpt
1134,nose,has a beak,gpt_3_filtered,gpt
1135,brush,is made of plastic,gpt_3_filtered_overlap,gpt
1136,bouquet,is a bunch,gpt_3_filtered_overlap,gpt
1137,sink,made of metal,cslb,human
1138,rock,is black,gpt_3_filtered_overlap,gpt
1139,tank,does roll,cslb,human
1140,drill,is electrical,mcrae,human
1141,tiger,is a big cat,cslb,human
1142,envelope,different colours,mcrae,human
1143,yolk,has a hard shell,gpt_3_filtered,gpt
1144,blueberry,grows in bushes,gpt_3_filtered_overlap,gpt
1145,helmet,worn on motorcycles,mcrae,human
1146,raspberry,is eaten raw,gpt_3_filtered_overlap,gpt
1147,worm,is slimy,mcrae,human
1148,dish,is used to store food,gpt_3_unfiltered,gpt
1149,raft,is used for transport,gpt_3_filtered_overlap,gpt
1150,bell_pepper,has a flavor,gpt_3_filtered,gpt
1151,brush,is used on animals,gpt_3_filtered_overlap,gpt
1152,toolbox,is portable,gpt_3_filtered,gpt
1153,trumpet,has a mouth-piece,mcrae,human
1154,cigarette,produces smoke,mcrae,human
1155,mixer,used for making cakes,mcrae,human
1156,trunk,is used to keep things in,gpt_3_filtered,gpt
1157,fan,is yellow,gpt_3_filtered,gpt
1158,rhubarb,has green leaves,cslb,human
1159,dove,is pretty,cslb,human
1160,straw1,is fed to animals,gpt_3_unfiltered,gpt
1161,walnut,is brown,gpt_3_unfiltered,gpt
1162,milkshake,has chocolate,gpt_3_filtered,gpt
1163,telephone,has a dial,cslb,human
1164,triangle,is black,gpt_3_unfiltered,gpt
1165,straightjacket,is used for discipline,gpt_3_filtered,gpt
1166,pole,is used to climb poles,gpt_3_unfiltered,gpt
1167,container,is made of glass,gpt_3_filtered,gpt
1168,bomb,has different sizes,gpt_3_filtered_overlap,gpt
1169,grater,has holes,cslb,human
1170,jelly,is red,cslb,human
1171,nutcracker,has a wooden handle,gpt_3_unfiltered,gpt
1172,hash,is illegal in some countries,gpt_3_unfiltered,gpt
1173,ginger,has a strong taste,gpt_3_filtered,gpt
1174,crab,has six legs,cslb,human
1175,pelican,has a beak,mcrae,human
1176,cougar,has a long tail,mcrae,human
1177,computer,is used to write letters,gpt_3_filtered,gpt
1178,certificate,is a document,cslb,human
1179,balloon,is round,gpt_3_filtered_overlap,gpt
1180,toilet,is found in bathrooms,gpt_3_filtered_overlap,gpt
1181,tape_(scotch),is sticky,mcrae,human
1182,flute,is musical,gpt_3_filtered_overlap,gpt
1183,apron,is used by cooks,cslb,human
1184,cockroach,lives in the ground,gpt_3_filtered_overlap,gpt
1185,chandelier,is used in bedrooms,gpt_3_filtered_overlap,gpt
1186,rocket,is heavy,gpt_3_filtered_overlap,gpt
1187,cedar,grows in forests,mcrae,human
1188,crayon,has a color,gpt_3_filtered_overlap,gpt
1189,filing_cabinet,has a label,gpt_3_unfiltered,gpt
1190,crane,is used to build buildings,gpt_3_filtered,gpt
1191,saw,has a metal blade,gpt_3_filtered,gpt
1192,bus,holds many people,gpt_3_filtered_overlap,gpt
1193,coffeemaker,is an appliance,gpt_3_filtered,gpt
1194,pipe2,is used for air,gpt_3_filtered,gpt
1195,shopping_basket,is rectangular,gpt_3_unfiltered,gpt
1196,raincoat,is used in rainy weather,gpt_3_unfiltered,gpt
1197,axe,has a sharp blade,gpt_3_filtered_overlap,gpt
1198,necklace,is used to decorate the neck,gpt_3_unfiltered,gpt
1199,shortbread,has a base,gpt_3_filtered,gpt
1200,tree_trunk,is white,gpt_3_unfiltered,gpt
1201,parakeet,has a beak,mcrae,human
1202,napkin,used for cleaning,mcrae,human
1203,shoe_polish,is used with shoe polish sticks,gpt_3_unfiltered,gpt
1204,drill,has a drill bit,gpt_3_filtered_overlap,gpt
1205,pitchfork,has a stick,gpt_3_unfiltered,gpt
1206,frisbee,is white,gpt_3_filtered,gpt
1207,ostrich,lays eggs,gpt_3_filtered_overlap,gpt
1208,ice-cream_cone,has a soft texture,gpt_3_unfiltered,gpt
1209,hawk,has legs,cslb,human
1210,eraser,is shaped like a cylinder,gpt_3_filtered,gpt
1211,drum,has a hole,gpt_3_filtered_overlap,gpt
1212,hole,has a shape of an oval,gpt_3_filtered,gpt
1213,missile,requires fuel,gpt_3_unfiltered,gpt
1214,bean,has a shell,gpt_3_unfiltered,gpt
1215,tray,is used to serve drinks,gpt_3_filtered_overlap,gpt
1216,turtle,lives in the sea,gpt_3_filtered_overlap,gpt
1217,tricycle,is used to transport goods,gpt_3_filtered_overlap,gpt
1218,menu,has ink,cslb,human
1219,skirt,is worn for formal occasions,gpt_3_filtered_overlap,gpt
1220,string_cheese,is found in a box,gpt_3_unfiltered,gpt
1221,banjo,is used in country music,gpt_3_unfiltered,gpt
1222,otter,has legs,cslb,human
1223,coconut,has an eye,gpt_3_filtered_overlap,gpt
1224,camcorder,is used to make movies,gpt_3_filtered,gpt
1225,doorknob,is a household item,gpt_3_unfiltered,gpt
1226,catapult,a weapon,mcrae,human
1227,palm_tree,is found near the sea,gpt_3_unfiltered,gpt
1228,leotards,is colourful,mcrae,human
1229,bomb,has a fuse,cslb,human
1230,prawn,is fished,cslb,human
1231,raspberry,is sweet,gpt_3_filtered_overlap,gpt
1232,tarantula,is an invertebrate,cslb,human
1233,hoe,is used to make holes in the ground,gpt_3_filtered_overlap,gpt
1234,train,travels on tracks,gpt_3_unfiltered,gpt
1235,tray,has different shapes and sizes,gpt_3_filtered_overlap,gpt
1236,rocking_chair,has four legs,cslb,human
1237,trombone,is in an orchestra,cslb,human
1238,textbook,has questions,cslb,human
1239,honeycomb,is comb - shaped,gpt_3_unfiltered,gpt
1240,goose,has feathers,mcrae,human
1241,grapefruit,is round,mcrae,human
1242,mail,is a piece of paper,gpt_3_filtered,gpt
1243,rattle,is used for entertainment,gpt_3_filtered_overlap,gpt
1244,rocking_horse,is used to pretend,gpt_3_filtered,gpt
1245,houseboat,is small,cslb,human
1246,magpie,does make sound,cslb,human
1247,truck,has a driver 's seat,gpt_3_filtered_overlap,gpt
1248,saxophone,is played with your mouth,gpt_3_filtered_overlap,gpt
1249,camisole,worn under shirts,mcrae,human
1250,tomato,is grown in gardens,gpt_3_filtered_overlap,gpt
1251,spinach,has a stem,gpt_3_filtered_overlap,gpt
1252,tea,has sugar,cslb,human
1253,quiche,is made with flour,gpt_3_filtered,gpt
1254,chain,is used for discipline,gpt_3_filtered,gpt
1255,kettle,is a metal object,gpt_3_filtered_overlap,gpt
1256,rat,is a pet,gpt_3_filtered_overlap,gpt
1257,oak,is brown,mcrae,human
1258,trumpet,does make music,cslb,human
1259,chip,has a logo on it,gpt_3_filtered,gpt
1260,tent,is made of material,gpt_3_filtered_overlap,gpt
1261,rope,has different lengths,gpt_3_filtered_overlap,gpt
1262,thermometer,is a medical instrument,gpt_3_filtered_overlap,gpt
1263,ruler,has a flat edge,gpt_3_filtered_overlap,gpt
1264,bikini,is made of spandex,gpt_3_filtered,gpt
1265,bow_(weapon),used for archery,mcrae,human
1266,parakeet,has wings,cslb,human
1267,eyepiece,has a size,gpt_3_filtered,gpt
1268,bow_(weapon),a weapon,mcrae,human
1269,crane,is yellow,cslb,human
1270,stick,has bark,cslb,human
1271,cart,used by pushing,mcrae,human
1272,foam,is white,gpt_3_unfiltered,gpt
1273,biscuit,is edible,gpt_3_filtered,gpt
1274,grape,used for raisins,mcrae,human
1275,penguin,has wings,mcrae,human
1276,frog,is eaten,cslb,human
1277,tank1,is used for transportation of soldiers,gpt_3_filtered,gpt
1278,bowler_hat,is worn on the head,gpt_3_unfiltered,gpt
1279,piano,is made of wood,gpt_3_filtered_overlap,gpt
1280,bok_choy,is eaten cooked,gpt_3_filtered,gpt
1281,fox,is a pet,gpt_3_unfiltered,gpt
1282,scoreboard,is a sign,gpt_3_unfiltered,gpt
1283,pony,has hair,gpt_3_filtered_overlap,gpt
1284,strainer,is used for pasta,gpt_3_filtered_overlap,gpt
1285,donkey,has long ears,cslb,human
1286,tuxedo,is made of wool,gpt_3_unfiltered,gpt
1287,box,is a container,cslb,human
1288,rat,is a pet,gpt_3_filtered_overlap,gpt
1289,rifle,has a safety catch,cslb,human
1290,surfboard,is fast,cslb,human
1291,pulpit,has no organs,gpt_3_unfiltered,gpt
1292,prune,tastes sweet,mcrae,human
1293,parrot,has colorful feathers,gpt_3_unfiltered,gpt
1294,tarantula,has fur,cslb,human
1295,violin,is long,gpt_3_filtered_overlap,gpt
1296,bench,is used to sit on in parks,gpt_3_unfiltered,gpt
1297,camel,has long legs,gpt_3_filtered,gpt
1298,javelin,is used for sport,gpt_3_filtered,gpt
1299,church,is quiet,mcrae,human
1300,faucet,used for regulating,mcrae,human
1301,robe,found in bathrooms,mcrae,human
1302,grapevine,is found in vineyards,gpt_3_unfiltered,gpt
1303,cheese,is soft,mcrae,human
1304,cookie_sheet,has a flat bottom,gpt_3_unfiltered,gpt
1305,videocassette,is erased,gpt_3_filtered,gpt
1306,peach,is juicy,mcrae,human
1307,bellows,does blow,cslb,human
1308,hammer,is used to drive in nails,gpt_3_filtered,gpt
1309,bucket,is a container,cslb,human
1310,souffle,is soft,gpt_3_filtered,gpt
1311,spareribs,has ribs,gpt_3_filtered,gpt
1312,bullet,has a cartridge,cslb,human
1313,ruler,is used in schools,gpt_3_filtered_overlap,gpt
1314,ant,has 6 legs,mcrae,human
1315,key,has a loop,gpt_3_filtered_overlap,gpt
1316,firecracker,has a trigger,gpt_3_unfiltered,gpt
1317,mango,is yellowish green,gpt_3_unfiltered,gpt
1318,cigar,is used to smoke tobacco,gpt_3_filtered_overlap,gpt
1319,nose,does breathe,cslb,human
1320,pistol,is heavy,mcrae,human
1321,turkey,is domesticated,gpt_3_filtered_overlap,gpt
1322,oatmeal,is cooked on the stove,gpt_3_filtered,gpt
1323,carrot,is long,gpt_3_filtered_overlap,gpt
1324,manhole,is used to cover manholes in the street,gpt_3_unfiltered,gpt
1325,pepper2,has a hole,gpt_3_filtered,gpt
1326,branch,is flexible,gpt_3_unfiltered,gpt
1327,kettle,is black,gpt_3_filtered_overlap,gpt
1328,tugboat,made of plastic,cslb,human
1329,bullet,is small,gpt_3_filtered_overlap,gpt
1330,stick,is a vegetable,gpt_3_filtered_overlap,gpt
1331,basement,used for storage,mcrae,human
1332,earring,is used by women,gpt_3_filtered,gpt
1333,goalpost,has two uprights,gpt_3_unfiltered,gpt
1334,metronome,is made of plastic,gpt_3_filtered,gpt
1335,crane,has wheels,gpt_3_filtered,gpt
1336,racehorse,runs fast,gpt_3_filtered,gpt
1337,dog,eats,gpt_3_filtered_overlap,gpt
1338,speedboat,is light,cslb,human
1339,drill,is useful,cslb,human
1340,hearse,is used for the dead,gpt_3_unfiltered,gpt
1341,chandelier,is ornate,gpt_3_filtered_overlap,gpt
1342,blinder,is found on the head,gpt_3_filtered,gpt
1343,badge,has a shiny surface,gpt_3_unfiltered,gpt
1344,javelin,has a sharp point,gpt_3_unfiltered,gpt
1345,sunflower,has a centre,cslb,human
1346,nose,does breathe,cslb,human
1347,melon,is eaten in salads,gpt_3_filtered,gpt
1348,tackle,is used for bait,gpt_3_filtered,gpt
1349,harp,is used for classical music,gpt_3_unfiltered,gpt
1350,revolving_door,has a frame,gpt_3_unfiltered,gpt
1351,piecrust,has a filling,gpt_3_filtered,gpt
1352,turntable,is used in homes,gpt_3_filtered,gpt
1353,house,has doors,mcrae,human
1354,hyena,has a tail,gpt_3_filtered_overlap,gpt
1355,exhaust_pipe,is used for the exhaust system,gpt_3_unfiltered,gpt
1356,trolley,is used to move goods,gpt_3_filtered,gpt
1357,biscuit,has eggs,gpt_3_filtered,gpt
1358,spear,is dangerous,mcrae,human
1359,housefly,is black,mcrae,human
1360,clamp,used for surgery,mcrae,human
1361,umbrella,has ribs,gpt_3_filtered_overlap,gpt
1362,hammer,is used to make furniture,gpt_3_filtered_overlap,gpt
1363,cape,is red,cslb,human
1364,fork,has a point,cslb,human
1365,rock,has a smooth surface,gpt_3_filtered_overlap,gpt
1366,strainer,is like a sieve,cslb,human
1367,seal,is a sea animal,gpt_3_filtered,gpt
1368,potato,has different sizes,gpt_3_filtered_overlap,gpt
1369,sauce,has a yellow color,gpt_3_filtered,gpt
1370,speaker,is portable,gpt_3_filtered,gpt
1371,tuna,is fast,cslb,human
1372,sardine,is eaten by humans,cslb,human
1373,crystal_ball,is used by holding and looking into to tell the future,gpt_3_unfiltered,gpt
1374,apple,grows in the summer,gpt_3_filtered_overlap,gpt
1375,monkey,is brown,cslb,human
1376,jeep,has a windshield,gpt_3_filtered_overlap,gpt
1377,horn,makes noise,gpt_3_unfiltered,gpt
1378,parka,a jacket,mcrae,human
1379,plunger,is made of hard plastic,gpt_3_filtered,gpt
1380,seagull,has eyes,cslb,human
1381,cup,is filled with liquid,gpt_3_filtered_overlap,gpt
1382,staple,has a pointy end,gpt_3_filtered,gpt
1383,urn,made of metal,mcrae,human
1384,pocketknife,is used for wood,gpt_3_unfiltered,gpt
1385,copier,makes copies,gpt_3_filtered,gpt
1386,crayfish,has eyes,gpt_3_unfiltered,gpt
1387,coconut,has a stalk,gpt_3_filtered,gpt
1388,crowbar,is a weapon,cslb,human
1389,mailbox,is a container,gpt_3_unfiltered,gpt
1390,turtle,is an animal,gpt_3_filtered,gpt
1391,truck,is green,gpt_3_filtered,gpt
1392,nut,is found in the ground,gpt_3_filtered,gpt
1393,apple,tastes good,gpt_3_filtered,gpt
1394,faucet,is used to clean dishes,gpt_3_filtered,gpt
1395,clam,is found in sand,gpt_3_filtered_overlap,gpt
1396,hedgehog,is found in forests,cslb,human
1397,bed,has a frame,cslb,human
1398,mug,is used to drink tea,gpt_3_unfiltered,gpt
1399,inhaler,is used to inhale medication,gpt_3_unfiltered,gpt
1400,dolphin,lives in the ocean,gpt_3_filtered_overlap,gpt
1401,shark,has a long nose,gpt_3_filtered,gpt
1402,chair,used by sitting on,mcrae,human
1403,souffle,is made from eggs,gpt_3_unfiltered,gpt
1404,chisel,has a flat blade,gpt_3_filtered_overlap,gpt
1405,magpie,does squeak,cslb,human
1406,walker1,is used by people,gpt_3_filtered,gpt
1407,clam,is an animal,gpt_3_unfiltered,gpt
1408,shovel,is used for planting trees,gpt_3_filtered_overlap,gpt
1409,dollhouse,has furniture,gpt_3_filtered,gpt
1410,sandal,is made in china,gpt_3_unfiltered,gpt
1411,cup,made of china,mcrae,human
1412,pillow,has filling,mcrae,human
1413,ant,lives in ground,mcrae,human
1414,rifle,used for killing,mcrae,human
1415,wheelchair,is used by old people,gpt_3_unfiltered,gpt
1416,trousers,has 2 legs,mcrae,human
1417,trident,is used to stab,gpt_3_unfiltered,gpt
1418,tattoo,is used by soldiers,gpt_3_filtered,gpt
1419,carrot,is round,gpt_3_filtered,gpt
1420,hummingbird,has a short lifespan,gpt_3_unfiltered,gpt
1421,pipe1,is associated with gangsters,gpt_3_unfiltered,gpt
1422,motorcycle,has a frame,gpt_3_filtered_overlap,gpt
1423,emerald,a birth stone,mcrae,human
1424,granite,comes from mines,gpt_3_filtered,gpt
1425,chimp,walks,mcrae,human
1426,missile,is launched,mcrae,human
1427,tripod,is used to take pictures and videos in the dark,gpt_3_unfiltered,gpt
1428,squid,is a carnivore,gpt_3_filtered_overlap,gpt
1429,taxi,is used to carry passengers,gpt_3_filtered_overlap,gpt
1430,rhubarb,is eaten as dessert,cslb,human
1431,cigar,is thin,gpt_3_filtered_overlap,gpt
1432,calf1,is found on farms,cslb,human
1433,tortoise,does crawl,cslb,human
1434,lamb,has curly hair,gpt_3_filtered_overlap,gpt
1435,grapefruit,is bitter,gpt_3_filtered_overlap,gpt
1436,combination_lock,is used to open doors,gpt_3_unfiltered,gpt
1437,cage,is made of metal,gpt_3_filtered_overlap,gpt
1438,cardinal,is found in africa,gpt_3_filtered,gpt
1439,seahorse,does swim upright,cslb,human
1440,margarita,contains alcohol,gpt_3_filtered,gpt
1441,fridge,is cool,cslb,human
1442,petal,has a top,gpt_3_filtered,gpt
1443,cilantro,is used by chefs,gpt_3_unfiltered,gpt
1444,tights,does come in colours,cslb,human
1445,pigeon,is eaten,cslb,human
1446,ironing_board,is used by women,gpt_3_unfiltered,gpt
1447,grenade,is used for fighting,cslb,human
1448,trousers,does cover legs,cslb,human
1449,parsley,does flavour,cslb,human
1450,blouse,a shirt,mcrae,human
1451,peas,is a seed,cslb,human
1452,key,is gold,mcrae,human
1453,mouse1,likes cheese,mcrae,human
1454,beehive,found in trees,mcrae,human
1455,sugar,is white,cslb,human
1456,brush,is used to make hair look good,gpt_3_filtered_overlap,gpt
1457,coleslaw,is a vegetable,gpt_3_filtered,gpt
1458,camel,a mammal,mcrae,human
1459,shovel,has an end,mcrae,human
1460,potpie,has a flaky crust,gpt_3_unfiltered,gpt
1461,taco,has a spicy filling,gpt_3_unfiltered,gpt
1462,lip_balm,is used in cold weather,gpt_3_unfiltered,gpt
1463,curb,is found in towns,gpt_3_unfiltered,gpt
1464,tortilla,is used for mexican food,gpt_3_filtered,gpt
1465,slide,is found on playgrounds,gpt_3_unfiltered,gpt
1466,shrimp,is pink,mcrae,human
1467,bucket,is made of different materials,gpt_3_filtered,gpt
1468,nectarine,is red,cslb,human
1469,ambulance,does go on roads,cslb,human
1470,shawl,does wrap around,cslb,human
1471,marmalade,is made from raspberries,gpt_3_unfiltered,gpt
1472,veil,is used for prayer,gpt_3_filtered_overlap,gpt
1473,peach,tastes sweet,gpt_3_filtered_overlap,gpt
1474,nacho,is triangular,gpt_3_filtered,gpt
1475,duck,migrates,mcrae,human
1476,jacket,is worn by people,gpt_3_filtered_overlap,gpt
1477,tongs,is not expensive,gpt_3_filtered_overlap,gpt
1478,mongoose,is found in africa,gpt_3_filtered,gpt
1479,gorilla,is largest,gpt_3_filtered_overlap,gpt
1480,camel,does carry,cslb,human
1481,cigarette_butt,has a value,gpt_3_filtered,gpt
1482,thimble,is worn on the finger,gpt_3_filtered_overlap,gpt
1483,flute,is thin,cslb,human
1484,wrench,used for loosening bolts,mcrae,human
1485,thermometer,has a case,gpt_3_unfiltered,gpt
1486,lamb,is a farm animal,cslb,human
1487,chandelier,is hung from the ceiling,gpt_3_filtered_overlap,gpt
1488,freezer,has ice inside,mcrae,human
1489,oak,is slow-growing,cslb,human
1490,shotgun,is a gun,cslb,human
1491,shed,found outdoors,mcrae,human
1492,caterpillar,has a hard shell,gpt_3_unfiltered,gpt
1493,sultana,is food,cslb,human
1494,screwdriver,is useful,cslb,human
1495,eagle,is used to fly,gpt_3_filtered_overlap,gpt
1496,chair,has four legs,gpt_3_filtered_overlap,gpt
1497,raspberry,is soft,gpt_3_filtered_overlap,gpt
1498,caramel,has cream,gpt_3_unfiltered,gpt
1499,cake,is eaten at celebrations,gpt_3_filtered_overlap,gpt
