id,word,new_category,word_with_category_parenthesis
aardvark,aardvark,animal,aardvark (animal)
abacus,abacus,,
accordion,accordion,,
acorn,acorn,nut,acorn (nut)
air_conditioner,air conditioner,,
air_mattress,air mattress,,
air_pump,air pump,,
airbag,airbag,,
airboat,airboat,,
aircraft_carrier,aircraft carrier,,
airplane,airplane,,
album,album,book,album (book)
alligator,alligator,,
almond,almond,,
aloe,aloe,,
alpaca,alpaca,,
altar,altar,,
aluminum_foil,aluminum foil,food packaging,aluminum foil (food packaging)
amber,amber,,
ambulance,ambulance,,
amplifier,amplifier,,
anchor,anchor,,
ankle,ankle,,
anklet,anklet,,
ant,ant,,
anteater,anteater,,
antelope,antelope,,
antenna,antenna,,
anvil,anvil,,
appetizer,appetizer,,
apple,apple,,
apple_tree,apple tree,,
applesauce,applesauce,,
apron,apron,,
aquarium,aquarium,,
arch,arch,architectural element,arch (architectural element)
arm,arm,,
armor,armor,,
arrow,arrow,,
artichoke,artichoke,,
arugula,arugula,,
ashtray,ashtray,,
asparagus,asparagus,,
avocado,avocado,,
awning,awning,,
axe,axe,,
baby,baby,,
backdrop,backdrop,,
backgammon,backgammon,,
backpack,backpack,,
backscratcher,backscratcher,,
bacon,bacon,,
badge,badge,,
badger,badger,,
bag,bag,,
bagel,bagel,,
bagpipe,bagpipe,,
baklava,baklava,,
balance_beam,balance beam,gymnastics equipment,balance beam (gymnastics equipment)
ball,ball,,
balloon,balloon,party supply,balloon (party supply)
ballot_box,ballot box,,
bamboo,bamboo,,
banana,banana,,
banana_peel,banana peel,,
banana_split,banana split,,
bandage,bandage,,
bandanna,bandanna,,
banjo,banjo,,
bank,bank,money storage container,bank (money storage container)
banner,banner,sign,banner (sign)
barbed_wire,barbed wire,,
barbell,barbell,,
barcode,barcode,,
bark,bark,,
barnacle,barnacle,,
barrel,barrel,,
barrette,barrette,,
baseball,baseball,sports equipment,baseball (sports equipment)
baseball_bat,baseball bat,,
baseball_glove,baseball glove,,
basil,basil,,
basket,basket,,
basketball,basketball,sports equipment,basketball (sports equipment)
basketball_hoop,basketball hoop,,
bassinet,bassinet,,
bassoon,bassoon,,
bathmat,bathmat,,
bathrobe,bathrobe,,
bathtub,bathtub,,
batter,batter,,
battery,battery,,
bazooka,bazooka,,
beachball,beachball,,
bead,bead,,
beaker,beaker,,
bean,bean,food,bean (food)
beanbag,beanbag,,
beanie,beanie,,
bear,bear,,
beard,beard,,
beaver,beaver,,
bed,bed,,
bedpan,bedpan,,
bedpost,bedpost,,
bee,bee,,
beehive,beehive,,
beer,beer,,
beet,beet,,
beetle,beetle,,
bell,bell,,
bell_pepper,bell pepper,,
belt,belt,,
belt_buckle,belt buckle,,
bench,bench,,
berry,berry,,
bib,bib,,
bike,bike,,
bikini,bikini,,
bin,bin,container,bin (container)
binder,binder,,
binoculars,binoculars,,
bird,bird,,
birdbath,birdbath,,
birdcage,birdcage,,
birdhouse,birdhouse,,
birthday_cake,birthday cake,,
biscuit,biscuit,,
bison,bison,,
blackberry,blackberry,,
blanket,blanket,,
blazer,blazer,,
blender,blender,,
blimp,blimp,,
blind,blind,window covering,blind (window covering)
blinder,blinder,horse equipment,blinder (horse equipment)
blindfold,blindfold,,
block,block,,
blouse,blouse,,
blower,blower,,
blowfish,blowfish,,
blowgun,blowgun,,
blowtorch,blowtorch,,
blueberry,blueberry,,
boa,boa,,
boar,boar,,
board,board,building material,board (building material)
board_game,board game,,
boat,boat,,
bobsled,bobsled,,
bok_choy,bok choy,,
bolo_tie,bolo tie,,
bologna,bologna,,
bolt,bolt,hardware,bolt (hardware)
bomb,bomb,,
bone,bone,,
bongo,bongo,musical instrument,bongo (musical instrument)
bonnet,bonnet,,
bonsai,bonsai,,
book,book,,
bookmark,bookmark,,
bookshelf,bookshelf,,
boomerang,boomerang,,
boot,boot,,
bottle,bottle,,
bottle_opener,bottle opener,,
boulder,boulder,,
bouquet,bouquet,,
bowl,bowl,,
bowler_hat,bowler hat,,
bowling_ball,bowling ball,,
bowtie,bowtie,,
box,box,,
boxer_shorts,boxer shorts,,
boxing_gloves,boxing gloves,,
boy,boy,,
bra,bra,,
brace,brace,,
bracket,bracket,,
braid,braid,,
brake,brake,,
branch,branch,,
brass_knuckles,brass knuckles,,
bread,bread,,
breadbox,breadbox,,
breadstick,breadstick,,
breakfast,breakfast,,
breathalyzer,breathalyzer,,
brick,brick,,
briefcase,briefcase,,
broccoli,broccoli,,
brooch,brooch,,
broom,broom,,
brownie,brownie,,
brush,brush,hair tool,brush (hair tool)
brussels_sprouts,brussels sprouts,,
bubble,bubble,,
bubble_wrap,bubble wrap,,
bucket,bucket,,
buckle,buckle,,
buffet,buffet,food,buffet (food)
bug,bug,,
buggy,buggy,,
bull,bull,,
bulldozer,bulldozer,,
bullet,bullet,,
bulletin_board,bulletin board,,
bulletproof_vest,bulletproof vest,,
bumper,bumper,part of car,bumper (part of car)
bun,bun,,
bungee,bungee,,
bunkbed,bunkbed,,
buoy,buoy,,
burner,burner,,
burrito,burrito,,
bus,bus,,
bush,bush,,
butter,butter,,
butterfly,butterfly,,
cabbage,cabbage,,
cabinet,cabinet,storage,cabinet (storage)
cable,cable,electrical equipment,cable (electrical equipment)
cactus,cactus,,
cage,cage,,
cake,cake,,
cake_mix,cake mix,,
calamari,calamari,,
calculator,calculator,,
calzone,calzone,,
camcorder,camcorder,,
camel,camel,,
camera_lens,camera lens,,
camper,camper,,
can,can,drink container,can (drink container)
can_opener,can opener,,
candelabra,candelabra,,
candle,candle,,
candlestick,candlestick,,
candy,candy,,
candy_bar,candy bar,,
candy_cane,candy cane,,
cane,cane,medical equipment,cane (medical equipment)
canister,canister,,
cannon,cannon,weapon,cannon (weapon)
cannonball,cannonball,,
canoe,canoe,,
cantaloupe,cantaloupe,,
canvas,canvas,art supply,canvas (art supply)
cap,cap,bottle top,cap (bottle top)
cape,cape,clothing,cape (clothing)
car,car,,
car_door,car door,,
car_seat,car seat,part of car,car seat (part of car)
caramel,caramel,,
card,card,game,card (game)
cardboard,cardboard,,
cardigan,cardigan,,
cardinal,cardinal,,
carousel,carousel,,
carriage,carriage,,
carrot,carrot,,
cart,cart,vehicle,cart (vehicle)
cash_machine,cash machine,,
cash_register,cash register,,
cashew,cashew,,
casserole,casserole,food,casserole (food)
cassette,cassette,,
cat,cat,,
catapult,catapult,,
caterpillar,caterpillar,,
catfish,catfish,,
cauliflower,cauliflower,,
caviar,caviar,,
cd_player,cd player,,
celery,celery,,
cello,cello,,
cellphone,cellphone,,
cement_mixer,cement mixer,,
centerpiece,centerpiece,,
centrifuge,centrifuge,,
cereal,cereal,breakfast food,cereal (breakfast food)
chain,chain,tool,chain (tool)
chainsaw,chainsaw,,
chair,chair,,
chalice,chalice,,
chalk,chalk,,
chalkboard,chalkboard,,
champagne,champagne,,
chandelier,chandelier,,
chaps,chaps,,
charcoal,charcoal,,
charger,charger,electronic accessory,charger (electronic accessory)
chariot,chariot,,
checkbook,checkbook,,
checkers,checkers,,
cheese,cheese,,
cheeseburger,cheeseburger,,
cheesecake,cheesecake,,
cheetah,cheetah,,
cherry,cherry,,
chess_piece,chess piece,,
chessboard,chessboard,,
chick,chick,,
chicken_wire,chicken wire,,
chickpea,chickpea,,
chihuahua,chihuahua,,
chili,chili,food,chili (food)
chime,chime,,
chimney,chimney,,
chin,chin,,
chinaware,chinaware,,
chinchilla,chinchilla,,
chip,chip,computer hardware,chip (computer hardware)
chipmunk,chipmunk,,
chips,chips,,
chisel,chisel,,
chive,chive,,
chocolate,chocolate,,
chopsticks,chopsticks,,
christmas_card,christmas card,,
christmas_tree,christmas tree,,
chute,chute,,
cigar,cigar,,
cigarette,cigarette,,
cigarette_butt,cigarette butt,,
cigarette_holder,cigarette holder,,
cilantro,cilantro,,
cinnamon,cinnamon,,
clam,clam,,
clarinet,clarinet,,
clasp,clasp,,
clay,clay,,
cleat,cleat,shoe,cleat (shoe)
cleaver,cleaver,,
clipboard,clipboard,,
cloak,cloak,,
clock,clock,,
closet,closet,,
clothes,clothes,,
clothesline,clothesline,,
clothespin,clothespin,,
cloud,cloud,,
clove,clove,,
clover,clover,,
coal,coal,,
coaster,coaster,,
coat,coat,,
coat_rack,coat rack,,
cobra,cobra,,
cockatoo,cockatoo,,
cockroach,cockroach,,
cocktail,cocktail,,
coconut,coconut,,
cocoon,cocoon,,
coffee,coffee,,
coffee_bean,coffee bean,,
coffee_filter,coffee filter,,
coffee_pot,coffee pot,,
coffee_table,coffee table,,
coffeemaker,coffeemaker,,
coffin,coffin,,
coil,coil,spring,coil (spring)
coin,coin,,
coleslaw,coleslaw,,
collar,collar,,
column,column,architectural element,column (architectural element)
comb,comb,,
combination_lock,combination lock,,
comic_book,comic book,,
compass,compass,,
compost,compost,,
computer,computer,,
computer_screen,computer screen,,
confetti,confetti,,
contact_lens,contact lens,,
container,container,,
cooker,cooker,,
cookie,cookie,,
cookie_cutter,cookie cutter,,
cookie_sheet,cookie sheet,,
cooler,cooler,,
coop,coop,,
copier,copier,,
coral,coral,,
cord,cord,electrical equipment,cord (electrical equipment)
cordon_bleu,cordon bleu,,
cork,cork,,
corkboard,corkboard,,
corkscrew,corkscrew,,
corn,corn,,
cornbread,cornbread,,
cornhusk,cornhusk,,
cornmeal,cornmeal,,
cornucopia,cornucopia,,
corsage,corsage,,
corset,corset,,
costume,costume,clothing,costume (clothing)
cot,cot,,
cotton_candy,cotton candy,,
couch,couch,,
cougar,cougar,,
counter,counter,,
coverall,coverall,,
cow,cow,,
coyote,coyote,,
crab,crab,,
cracker,cracker,,
cranberry,cranberry,,
crane,crane,construction equipment,crane (construction equipment)
crank,crank,,
crate,crate,container,crate (container)
crayfish,crayfish,,
crayon,crayon,,
cream,cream,beauty product,cream (beauty product)
cream_cheese,cream cheese,,
credit_card,credit card,,
creme_brulee,creme brulee,,
crepe,crepe,,
crib,crib,,
croissant,croissant,,
cross,cross,,
crossbow,crossbow,,
crouton,crouton,,
crow,crow,,
crowbar,crowbar,,
crown,crown,headwear,crown (headwear)
crucifix,crucifix,,
cruise_ship,cruise ship,,
crumb,crumb,,
crutch,crutch,,
crystal_ball,crystal ball,,
cuckoo_clock,cuckoo clock,,
cucumber,cucumber,,
cufflink,cufflink,,
cummerbund,cummerbund,,
cup,cup,,
cupcake,cupcake,,
curb,curb,,
curling_iron,curling iron,,
curry,curry,,
curtain,curtain,,
cushion,cushion,,
cutting_board,cutting board,,
cymbal,cymbal,,
dagger,dagger,,
daisy,daisy,,
dalmatian,dalmatian,,
dandelion,dandelion,,
dart,dart,,
dartboard,dartboard,,
dashboard,dashboard,,
deer,deer,,
defibrillator,defibrillator,,
denture,denture,,
deodorant,deodorant,,
desk,desk,,
dessert,dessert,,
detonator,detonator,,
dial,dial,part of telephone,dial (part of telephone)
diamond,diamond,,
diaper,diaper,,
dice,dice,,
dip,dip,,
dirt_bike,dirt bike,,
dish,dish,,
dishrag,dishrag,,
dishwasher,dishwasher,,
dishwashing_liquid,dishwashing liquid,,
diskette,diskette,,
diving_board,diving board,,
dog,dog,,
dogfood,dogfood,,
doghouse,doghouse,,
doily,doily,,
doll,doll,,
dollhouse,dollhouse,,
dolly,dolly,moving equipment,dolly (moving equipment)
dolphin,dolphin,,
domino,domino,,
donkey,donkey,,
donut,donut,,
door,door,,
doorbell,doorbell,,
doorhandle,doorhandle,,
doorknob,doorknob,,
doorknocker,doorknocker,,
doormat,doormat,,
doorstop,doorstop,,
dough,dough,,
dragonfly,dragonfly,,
drain,drain,,
drawer,drawer,,
dreidel,dreidel,,
dress,dress,,
dresser,dresser,,
drill,drill,,
drink,drink,,
drum,drum,musical instrument,drum (musical instrument)
drumstick,drumstick,musical equipment,drumstick (musical equipment)
dryer,dryer,,
duck,duck,,
duckling,duckling,,
duct,duct,,
duct_tape,duct tape,,
duffel_bag,duffel bag,,
dumbbell,dumbbell,,
dumbwaiter,dumbwaiter,,
dumpling,dumpling,,
dumpster,dumpster,,
duster,duster,,
dustpan,dustpan,,
dynamite,dynamite,explosive,dynamite (explosive)
eagle,eagle,,
ear,ear,,
earplug,earplug,,
earring,earring,,
earwig,earwig,,
easel,easel,,
easter_egg,easter egg,,
eclair,eclair,pastry,eclair (pastry)
eel,eel,,
egg,egg,,
egg_roll,egg roll,,
eggbeater,eggbeater,,
eggnog,eggnog,,
eggplant,eggplant,,
eggshell,eggshell,,
elbow,elbow,,
electric_chair,electric chair,,
elephant,elephant,,
emerald,emerald,,
enchilada,enchilada,,
engine,engine,,
envelope,envelope,,
eraser,eraser,,
espresso,espresso,,
exerciser,exerciser,,
exhaust_pipe,exhaust pipe,,
extinguisher,extinguisher,,
eye,eye,,
eye_patch,eye patch,,
eyedropper,eyedropper,,
eyeliner,eyeliner,,
eyepiece,eyepiece,,
face,face,,
face_mask,face mask,sports equipment,face mask (sports equipment)
fan,fan,,
fast_food,fast food,,
faucet,faucet,,
feather,feather,,
fence,fence,,
fencepost,fencepost,,
fern,fern,,
ferret,ferret,,
ferris_wheel,ferris wheel,,
ferry,ferry,,
fig,fig,,
figurine,figurine,,
filing_cabinet,filing cabinet,,
film,film,,
filter,filter,,
finger,finger,,
fingerprint,fingerprint,,
fire,fire,,
fire_alarm,fire alarm,,
fire_hydrant,fire hydrant,,
fire_pit,fire pit,,
firecracker,firecracker,,
fireplace,fireplace,,
firetruck,firetruck,,
firewood,firewood,,
fireworks,fireworks,,
first-aid_kit,first-aid kit,,
fish,fish,,
fishbowl,fishbowl,,
fishhook,fishhook,,
fishing_pole,fishing pole,,
fishnet_stockings,fishnet stockings,,
flag,flag,,
flagpole,flagpole,,
flamethrower,flamethrower,,
flamingo,flamingo,,
flan,flan,,
flashbulb,flashbulb,,
flashlight,flashlight,,
flask,flask,,
flatiron,flatiron,,
flip_flop,flip-flop,,
flipper,flipper,swimming equipment,flipper (swimming equipment)
float,float,pool accessory,float (pool accessory)
floss,floss,,
flour,flour,,
flower,flower,,
flute,flute,,
fly,fly,,
flypaper,flypaper,,
flyswatter,flyswatter,,
foam,foam,packing material,foam (packing material)
folder,folder,,
fondue,fondue,,
food_processor,food processor,,
foot,foot,,
football,football,,
football_helmet,football helmet,,
footbath,footbath,,
footprint,footprint,,
footrest,footrest,,
fork,fork,,
forklift,forklift,,
fossil,fossil,,
fountain_pen,fountain pen,,
fox,fox,,
frame,frame,,
freezer,freezer,,
french_fries,french fries,,
french_horn,french horn,,
frisbee,frisbee,,
frog,frog,,
fruit,fruit,,
fruitcake,fruitcake,,
fudge,fudge,,
fungus,fungus,,
funnel,funnel,,
fur_coat,fur coat,,
furnace,furnace,,
fuse,fuse,electrical component,fuse (electrical component)
gallows,gallows,,
game,game,entertainment,game (entertainment)
garbage,garbage,waste,garbage (waste)
garbage_truck,garbage truck,,
gargoyle,gargoyle,,
garlic,garlic,,
garter,garter,clothing accessory,garter (clothing accessory)
gas_mask,gas mask,,
gasket,gasket,,
gate,gate,,
gauge,gauge,,
gauze,gauze,,
gavel,gavel,,
gazelle,gazelle,,
gear,gear,,
gearshift,gearshift,,
gel,gel,,
gem,gem,,
generator,generator,,
gift,gift,,
ginger,ginger,,
gingerbread_man,gingerbread man,,
giraffe,giraffe,,
girl,girl,,
glass,glass,drinkware,glass (drinkware)
glasses,glasses,,
globe,globe,geography device,globe (geography device)
glove,glove,,
glue,glue,,
go-kart,go-kart,,
goalpost,goalpost,,
goat,goat,,
goblet,goblet,,
goggles,goggles,,
gold,gold,,
goldfish,goldfish,,
golf_cart,golf cart,,
golf_club,golf club,,
gondola,gondola,,
gong,gong,,
goose,goose,,
gopher,gopher,,
gorilla,gorilla,,
gourd,gourd,vegetable,gourd (vegetable)
graffiti,graffiti,,
grain,grain,,
gramophone,gramophone,,
granite,granite,,
granola,granola,,
grape,grape,,
grapefruit,grapefruit,,
grapevine,grapevine,,
grass,grass,,
grasshopper,grasshopper,,
grate,grate,covering,grate (covering)
grater,grater,,
gravel,gravel,,
gravestone,gravestone,,
gravy,gravy,,
green_beans,green beans,,
grenade,grenade,,
grill,grill,,
grille,grille,part of car,grille (part of car)
grinder,grinder,,
grits,grits,,
groundhog,groundhog,,
guacamole,guacamole,,
guardrail,guardrail,,
guillotine,guillotine,,
guinea_pig,guinea pig,,
guitar,guitar,,
gum,gum,,
gumball,gumball,,
gumdrop,gumdrop,,
gun,gun,,
gurney,gurney,,
gutter,gutter,,
gyro,gyro,,
gyroscope,gyroscope,,
hail,hail,,
hair,hair,,
hairbrush,hairbrush,,
hairdryer,hairdryer,,
hairnet,hairnet,,
hairpin,hairpin,hair accessory,hairpin (hair accessory)
hairspray,hairspray,,
ham,ham,,
hamburger,hamburger,,
hammer,hammer,,
hammock,hammock,,
hamster,hamster,,
hand,hand,body part,hand (body part)
handbrake,handbrake,,
handcuff,handcuff,,
handkerchief,handkerchief,,
handle,handle,,
handlebar,handlebar,part of bicycle,handlebar (part of bicycle)
handprint,handprint,,
hanger,hanger,,
hard_disk,hard disk,,
harmonica,harmonica,,
harness,harness,safety equipment,harness (safety equipment)
harp,harp,,
hash,hash,food,hash (food)
hat,hat,,
hatbox,hatbox,,
hatchet,hatchet,,
hawk,hawk,,
hay,hay,,
headband,headband,,
headdress,headdress,,
headlamp,headlamp,,
headlight,headlight,,
headphones,headphones,,
headrest,headrest,,
headscarf,headscarf,,
headset,headset,,
hearing_aid,hearing aid,,
hearse,hearse,,
heater,heater,,
hedge,hedge,,
hedgehog,hedgehog,,
helicopter,helicopter,,
helmet,helmet,,
highchair,highchair,,
highlighter,highlighter,,
hinge,hinge,,
hip,hip,,
hippopotamus,hippopotamus,,
hobbyhorse,hobbyhorse,,
hockey_stick,hockey stick,,
hoe,hoe,,
hole,hole,,
holster,holster,gun accessory,holster (gun accessory)
home_plate,home plate,,
honey,honey,,
honeycomb,honeycomb,,
honeypot,honeypot,container,honeypot (container)
hood,hood,,
hoodie,hoodie,,
hookah,hookah,,
hopscotch,hopscotch,,
horn,horn,musical instrument,horn (musical instrument)
horse,horse,,
horseshoe,horseshoe,,
hose,hose,,
hot_chocolate,hot chocolate,,
hot_tub,hot tub,,
hot-air_balloon,hot-air balloon,,
hot-water_bottle,hot-water bottle,,
hotdog,hotdog,,
hotplate,hotplate,,
hourglass,hourglass,,
hovercraft,hovercraft,,
hubcap,hubcap,,
hula_hoop,hula hoop,,
hummingbird,hummingbird,,
hummus,hummus,,
humvee,humvee,,
hydrant,hydrant,,
hyena,hyena,,
ice,ice,,
ice_cream,ice cream,,
ice_cube,ice cube,,
ice_pack,ice pack,,
ice-cream_cone,ice-cream cone,,
icemaker,icemaker,,
icepick,icepick,,
iceskate,iceskate,,
icicle,icicle,,
iguana,iguana,,
incense,incense,,
incubator,incubator,,
inhaler,inhaler,,
ink,ink,,
inkwell,inkwell,,
insole,insole,,
iron,iron,household appliance,iron (household appliance)
ironing_board,ironing board,,
ivy,ivy,,
jack,jack,car tool,jack (car tool)
jacket,jacket,,
jackhammer,jackhammer,,
jalapeno,jalapeno,,
jam,jam,,
jar,jar,,
javelin,javelin,,
jeans,jeans,,
jeep,jeep,,
jelly_bean,jelly bean,,
jellyfish,jellyfish,,
jersey,jersey,,
jet,jet,,
jetski,jetski,,
jewel,jewel,,
jewelry,jewelry,,
jigsaw_puzzle,jigsaw puzzle,,
joystick,joystick,,
jug,jug,,
juice,juice,,
jukebox,jukebox,,
jump_rope,jump rope,,
jumpsuit,jumpsuit,,
kale,kale,,
kaleidoscope,kaleidoscope,,
kangaroo,kangaroo,,
kayak,kayak,,
kazoo,kazoo,,
kebab,kebab,,
keg,keg,,
ketchup,ketchup,,
kettle,kettle,,
key,key,,
keyboard,keyboard,musical instrument,keyboard (musical instrument)
keyhole,keyhole,,
kilt,kilt,,
kimono,kimono,,
kite,kite,,
kitten,kitten,,
kiwi,kiwi,fruit,kiwi (fruit)
knee,knee,,
kneepad,kneepad,,
knife,knife,,
knitting,knitting,,
knitting_needle,knitting needle,,
knob,knob,,
knot,knot,,
koala,koala,,
lab_coat,lab coat,,
ladder,ladder,,
ladle,ladle,,
ladybug,ladybug,,
lamb,lamb,,
lamb_chop,lamb chop,,
lamp,lamp,,
lamppost,lamppost,,
lampshade,lampshade,,
landmine,landmine,,
lantern,lantern,,
lanyard,lanyard,accessory,lanyard (accessory)
laptop,laptop,,
lasagna,lasagna,,
laser_pointer,laser pointer,,
latch,latch,,
latte,latte,,
laundry_basket,laundry basket,,
lava,lava,,
lavender,lavender,,
lawnmower,lawnmower,,
leaf,leaf,part of plant,leaf (part of plant)
leash,leash,,
lectern,lectern,,
leech,leech,,
leek,leek,,
leg,leg,,
leggings,leggings,,
lego,lego,,
lemon,lemon,,
lemonade,lemonade,,
lens,lens,,
leopard,leopard,,
leotard,leotard,,
letter_opener,letter opener,,
lettuce,lettuce,,
license_plate,license plate,,
licorice,licorice,,
lid,lid,,
life_jacket,life jacket,,
lifesaver,lifesaver,flotation device,lifesaver (flotation device)
light_switch,light switch,,
lightbulb,lightbulb,,
lighter,lighter,,
lightning_bug,lightning bug,,
lime,lime,,
limousine,limousine,,
lingerie,lingerie,,
lion,lion,,
lip_balm,lip balm,,
lip_gloss,lip gloss,,
lipstick,lipstick,,
lizard,lizard,,
llama,llama,,
lobster,lobster,,
lock,lock,,
locker,locker,,
locket,locket,,
log,log,,
loincloth,loincloth,,
lollipop,lollipop,,
loom,loom,,
loveseat,loveseat,,
luggage,luggage,,
lumber,lumber,,
lunchbox,lunchbox,,
macadamia,macadamia,,
macaroni,macaroni,,
machete,machete,,
machine_gun,machine gun,,
maggot,maggot,,
magnet,magnet,,
magnifier,magnifier,,
magnifying_glass,magnifying glass,,
mail,mail,,
mailbox,mailbox,,
makeup,makeup,,
mallet,mallet,,
man,man,,
manatee,manatee,,
mandolin,mandolin,,
mango,mango,,
manhole,manhole,,
mannequin,mannequin,,
mantle,mantle,fireplace part,mantle (fireplace part)
map,map,,
maple_syrup,maple syrup,,
marble,marble,,
margarita,margarita,,
marijuana,marijuana,,
marker,marker,,
marmalade,marmalade,,
marshmallow,marshmallow,,
mascara,mascara,,
mashed_potato,mashed potato,,
mask,mask,,
mast,mast,part of boat,mast (part of boat)
mat,mat,floor covering,mat (floor covering)
match,match,,
matchbox,matchbox,,
mattress,mattress,,
measuring_cup,measuring cup,,
meat,meat,,
meat_grinder,meat grinder,,
meatball,meatball,,
meatloaf,meatloaf,,
medal,medal,,
meerkat,meerkat,,
megaphone,megaphone,,
melon,melon,,
memory_stick,memory stick,,
metal_detector,metal detector,,
metronome,metronome,,
microphone,microphone,,
microscope,microscope,,
microwave,microwave,,
milk,milk,,
milkshake,milkshake,,
minivan,minivan,,
mint,mint,,
mirror,mirror,,
missile,missile,,
mistletoe,mistletoe,,
mitten,mitten,,
mixer,mixer,kitchen appliance,mixer (kitchen appliance)
moccasin,moccasin,shoe,moccasin (shoe)
modem,modem,,
mole,mole,,
money,money,,
mongoose,mongoose,,
monkey,monkey,,
moose,moose,,
mop,mop,,
mosquito,mosquito,,
mosquito_net,mosquito net,,
moss,moss,,
moth,moth,,
motherboard,motherboard,,
motorcycle,motorcycle,,
mousepad,mousepad,,
mousetrap,mousetrap,,
mousse,mousse,,
mouth,mouth,,
mouthpiece,mouthpiece,sports equipment,mouthpiece (sports equipment)
mud,mud,,
muff,muff,,
muffin,muffin,,
mug,mug,,
mulberry,mulberry,,
mulch,mulch,,
mullet,mullet,hairstyle,mullet (hairstyle)
mushroom,mushroom,,
music_box,music box,,
mussel,mussel,,
mustache,mustache,,
mustard,mustard,,
nacho,nacho,,
nail,nail,hardware,nail (hardware)
nail_clippers,nail clippers,,
nail_file,nail file,,
nail_polish,nail polish,,
napkin,napkin,,
napkin_ring,napkin ring,,
navel,navel,,
neck,neck,,
necklace,necklace,,
needle,needle,,
nest,nest,,
net,net,,
nightshirt,nightshirt,,
nightstand,nightstand,,
noisemaker,noisemaker,party supply,noisemaker (party supply)
noodle,noodle,,
noose,noose,,
nose,nose,,
notebook,notebook,office supply,notebook (office supply)
notepad,notepad,,
nut,nut,,
nutcracker,nutcracker,kitchen tool,nutcracker (kitchen tool)
oar,oar,,
oatmeal,oatmeal,,
octopus,octopus,,
odometer,odometer,,
oil,oil,,
oilcan,oilcan,,
okra,okra,,
olive,olive,,
omelet,omelet,,
onion,onion,,
orange,orange,,
orange_rind,orange rind,,
orangutan,orangutan,,
orchid,orchid,,
organ,organ,musical instrument,organ (musical instrument)
origami,origami,,
ostrich,ostrich,,
otter,otter,,
ottoman,ottoman,,
outfit,outfit,,
outlet,outlet,,
oven,oven,,
overalls,overalls,,
owl,owl,,
oyster,oyster,,
pacifier,pacifier,,
paddle,paddle,,
padlock,padlock,,
paint,paint,,
paintbrush,paintbrush,,
painting,painting,,
pajamas,pajamas,,
palette,palette,,
pallet,pallet,,
palm_tree,palm tree,,
pan,pan,,
pancake,pancake,,
panda,panda,,
panther,panther,,
panties,panties,,
pants,pants,,
pantsuit,pantsuit,,
pantyhose,pantyhose,,
papaya,papaya,,
paper,paper,,
paper_bag,paper bag,,
paper_plate,paper plate,,
paper_towel,paper towel,,
paperclip,paperclip,,
paperweight,paperweight,,
parachute,parachute,,
parfait,parfait,,
parking_meter,parking meter,,
parrot,parrot,,
parsley,parsley,,
pasta,pasta,,
pastry,pastry,,
patch,patch,clothing accessory,patch (clothing accessory)
patty,patty,,
payphone,payphone,,
pea,pea,,
peach,peach,,
peacock,peacock,,
peanut,peanut,,
peanut_butter,peanut butter,,
pear,pear,,
pearl,pearl,,
pecan,pecan,,
pedal,pedal,,
pedometer,pedometer,,
peeler,peeler,,
peg,peg,wooden fastener,peg (wooden fastener)
pelican,pelican,,
pen,pen,,
pencil,pencil,,
pencil_sharpener,pencil sharpener,,
pendulum,pendulum,,
penguin,penguin,,
penholder,penholder,,
penlight,penlight,,
pennant,pennant,,
pepper_mill,pepper mill,,
peppermint,peppermint,candy,peppermint (candy)
pepperoni,pepperoni,,
perfume,perfume,,
periscope,periscope,,
pesto,pesto,,
pet_food,pet food,,
petal,petal,,
petri_dish,petri dish,,
pheasant,pheasant,,
phone,phone,,
phone_booth,phone booth,,
photo_booth,photo booth,,
photograph,photograph,,
piano,piano,,
pickax,pickax,,
pickle,pickle,,
pie,pie,,
piecrust,piecrust,,
pig,pig,,
pigeon,pigeon,,
piggy_bank,piggy bank,,
piglet,piglet,,
pill,pill,,
pillbox,pillbox,,
pillow,pillow,,
pin,pin,sewing accessory,pin (sewing accessory)
pinball,pinball,,
pincushion,pincushion,,
pine_needle,pine needle,,
pine_tree,pine tree,,
pineapple,pineapple,,
pinecone,pinecone,,
ping-pong_table,ping-pong table,,
pinwheel,pinwheel,,
pistachio,pistachio,,
pita,pita,,
pitcher,pitcher,,
pitchfork,pitchfork,,
pizza,pizza,,
place_mat,place mat,,
plant,plant,,
plaster_cast,plaster cast,,
plastic_film,plastic film,,
plate,plate,dinnerware,plate (dinnerware)
platypus,platypus,,
playing_card,playing card,,
playpen,playpen,,
pliers,pliers,,
plug,plug,,
plum,plum,,
plunger,plunger,,
pocket,pocket,,
pocket_watch,pocket watch,,
pocketknife,pocketknife,,
pogo_stick,pogo stick,,
poinsettia,poinsettia,,
poker,poker,fireplace tool,poker (fireplace tool)
polar_bear,polar bear,,
polaroid,polaroid,,
pole,pole,,
police_car,police car,,
polisher,polisher,tool,polisher (tool)
polo_shirt,polo shirt,,
polygraph,polygraph,,
pom-pom,pom-pom,,
pomegranate,pomegranate,,
pony,pony,,
poodle,poodle,,
pool_table,pool table,,
popcorn,popcorn,,
poppy,poppy,,
popsicle,popsicle,,
porcupine,porcupine,,
porthole,porthole,,
possum,possum,,
poster,poster,,
pot,pot,,
potato,potato,,
potholder,potholder,,
pothole,pothole,,
potpie,potpie,,
potpourri,potpourri,,
powder,powder,,
power_line,power line,,
praying_mantis,praying mantis,,
pretzel,pretzel,,
printer,printer,,
prism,prism,,
projector,projector,,
propeller,propeller,,
prune,prune,,
puck,puck,,
pudding,pudding,dessert,pudding (dessert)
puddle,puddle,,
puffin,puffin,,
pug,pug,,
pulley,pulley,,
pulpit,pulpit,,
pump,pump,,
pumpkin,pumpkin,,
punching_bag,punching bag,,
puppet,puppet,,
puppy,puppy,,
purse,purse,,
quad,quad,,
quesadilla,quesadilla,,
quiche,quiche,,
quill,quill,,
quilt,quilt,,
rabbit,rabbit,,
raccoon,raccoon,,
racehorse,racehorse,,
racket,racket,,
radar,radar,,
radiator,radiator,heating device,radiator (heating device)
radio,radio,,
radish,radish,,
raft,raft,,
rag,rag,,
railing,railing,,
rain_gauge,rain gauge,,
raincoat,raincoat,,
raisin,raisin,,
rake,rake,,
ram,ram,animal,ram (animal)
ramp,ramp,handicap accessibility feature,ramp (handicap accessibility feature)
raspberry,raspberry,,
rat,rat,,
ratchet,ratchet,,
rattle,rattle,,
rattlesnake,rattlesnake,,
ravioli,ravioli,,
razor,razor,,
razor_blade,razor blade,,
ready_meal,ready meal,,
rearview_mirror,rearview mirror,,
recliner,recliner,,
record,record,,
record_player,record player,,
recorder,recorder,musical instrument,recorder (musical instrument)
red_carpet,red carpet,,
reel,reel,film equipment,reel (film equipment)
refrigerator,refrigerator,,
reindeer,reindeer,,
remote_control,remote control,,
retainer,retainer,dental device,retainer (dental device)
revolver,revolver,,
revolving_door,revolving door,,
rhinoceros,rhinoceros,,
rhubarb,rhubarb,,
ribbon,ribbon,,
rice,rice,,
rickshaw,rickshaw,,
rifle,rifle,,
rim,rim,,
ring,ring,,
riser,riser,seat,riser (seat)
road_sign,road sign,,
roadsweeper,roadsweeper,vehicle,roadsweeper (vehicle)
robe,robe,,
robot,robot,,
rock,rock,,
rocket,rocket,,
rocking_chair,rocking chair,,
rocking_horse,rocking horse,,
roll,roll,,
roller,roller,garden tool,roller (garden tool)
roller_coaster,roller coaster,,
rollerblade,rollerblade,,
rollerskate,rollerskate,,
rolling_pin,rolling pin,,
roof_rack,roof rack,,
rooster,rooster,,
root,root,,
rope,rope,,
rosary,rosary,,
rose,rose,,
roulette_wheel,roulette wheel,,
router,router,,
rubber_band,rubber band,,
ruby,ruby,,
rudder,rudder,,
rug,rug,,
ruler,ruler,,
rust,rust,,
saddle,saddle,sports equipment,saddle (sports equipment)
safety_pin,safety pin,,
saffron,saffron,,
sail,sail,,
sailboat,sailboat,,
salad,salad,,
salami,salami,,
saltshaker,saltshaker,,
sand,sand,,
sandal,sandal,,
sandbag,sandbag,,
sandbox,sandbox,,
sandcastle,sandcastle,,
sandpaper,sandpaper,,
sandwich,sandwich,,
sarcophagus,sarcophagus,,
sardine,sardine,fish,sardine (fish)
satellite,satellite,,
satellite_dish,satellite dish,,
sauce,sauce,,
saucer,saucer,,
sauerkraut,sauerkraut,,
sausage,sausage,,
saw,saw,,
sawhorse,sawhorse,,
saxophone,saxophone,,
scaffold,scaffold,,
scaffolding,scaffolding,,
scale,scale,weight measurement tool,scale (weight measurement tool)
scallion,scallion,,
scallop,scallop,,
scalpel,scalpel,,
scanner,scanner,office equipment,scanner (office equipment)
scarecrow,scarecrow,,
scarf,scarf,,
school_bus,school bus,,
scissors,scissors,,
scone,scone,,
scoop,scoop,kitchen tool,scoop (kitchen tool)
scooter,scooter,vehicle,scooter (vehicle)
scoreboard,scoreboard,,
scorpion,scorpion,,
scrabble,scrabble,,
scrambled_egg,scrambled egg,,
scraper,scraper,,
screw,screw,,
screwdriver,screwdriver,,
scuba,scuba,,
sea_urchin,sea urchin,,
seafood,seafood,,
seagull,seagull,,
seahorse,seahorse,,
seal,seal,,
seaplane,seaplane,,
seatbelt,seatbelt,,
seaweed,seaweed,,
seed,seed,,
seesaw,seesaw,,
seismograph,seismograph,,
sequin,sequin,,
sewage,sewage,,
sewing_kit,sewing kit,,
sewing_machine,sewing machine,,
shaker,shaker,,
shark,shark,,
shaving_cream,shaving cream,,
shawl,shawl,,
shears,shears,,
sheath,sheath,knife accessory,sheath (knife accessory)
sheep,sheep,,
sheet,sheet,bedding,sheet (bedding)
shelf,shelf,,
shield,shield,,
ship,ship,,
shirt,shirt,,
shoe,shoe,,
shoe_polish,shoe polish,,
shoehorn,shoehorn,,
shoelace,shoelace,,
shopping_basket,shopping basket,,
shopping_cart,shopping cart,,
shortbread,shortbread,,
shorts,shorts,,
shoulder,shoulder,body part,shoulder (body part)
shovel,shovel,,
shower,shower,,
shower_cap,shower cap,,
shower_curtain,shower curtain,,
showerhead,showerhead,,
shredder,shredder,,
shrimp,shrimp,,
shuffleboard,shuffleboard,,
shutter,shutter,window covering,shutter (window covering)
sickle,sickle,,
sidecar,sidecar,motorcycle accessory,sidecar (motorcycle accessory)
sifter,sifter,,
silicone,silicone,,
silverware,silverware,,
sim_card,sim card,,
sink,sink,,
siren,siren,alarm,siren (alarm)
skateboard,skateboard,,
skeleton,skeleton,,
skewer,skewer,kitchen tool,skewer (kitchen tool)
ski,ski,,
ski_boots,ski boots,,
ski_lift,ski lift,,
ski_pole,ski pole,,
skin,skin,,
skirt,skirt,,
skull,skull,,
skunk,skunk,,
sled,sled,,
sledgehammer,sledgehammer,,
sleeping_bag,sleeping bag,,
slicer,slicer,,
slide,slide,,
slime,slime,,
sling,sling,,
slingshot,slingshot,,
slipper,slipper,,
slot,slot,hole,slot (hole)
slot_machine,slot machine,,
sloth,sloth,,
slug,slug,,
smoke_alarm,smoke alarm,,
smoothie,smoothie,,
snack,snack,,
snail,snail,,
snake,snake,,
snorkel,snorkel,,
snow,snow,,
snowball,snowball,,
snowboard,snowboard,,
snowman,snowman,,
snowmobile,snowmobile,,
snowplow,snowplow,,
snowshoe,snowshoe,,
snowsuit,snowsuit,,
soap,soap,,
soccer_ball,soccer ball,,
sock,sock,,
soda,soda,,
soda_fountain,soda fountain,,
sofa_bed,sofa bed,,
solar_panel,solar panel,,
soldering_iron,soldering iron,,
sombrero,sombrero,,
sonogram,sonogram,,
sorbet,sorbet,,
souffle,souffle,,
soup,soup,,
soy_sauce,soy sauce,,
space_shuttle,space shuttle,,
spacesuit,spacesuit,,
spaghetti,spaghetti,,
spam,spam,,
spareribs,spareribs,,
spark_plug,spark plug,,
sparkler,sparkler,,
spatula,spatula,,
speaker,speaker,,
spear,spear,,
speedboat,speedboat,,
speedometer,speedometer,,
spider,spider,,
spider_web,spider web,,
spinach,spinach,,
splinter,splinter,,
sponge,sponge,,
spool,spool,,
spoon,spoon,,
spout,spout,,
spring_roll,spring roll,,
springboard,springboard,,
sprinkler,sprinkler,,
sprouts,sprouts,,
spur,spur,,
squash,squash,,
squeegee,squeegee,,
squid,squid,,
squirrel,squirrel,,
squirt_gun,squirt gun,,
stained_glass,stained glass,,
stair,stair,,
stake,stake,,
stalagmite,stalagmite,,
staple,staple,office supply,staple (office supply)
staple_gun,staple gun,,
stapler,stapler,,
star_fruit,star fruit,,
starfish,starfish,,
station_wagon,station wagon,,
statue,statue,,
steak,steak,,
steamroller,steamroller,,
steering_wheel,steering wheel,,
stem,stem,,
step_stool,step stool,,
stereo,stereo,,
stethoscope,stethoscope,,
stew,stew,,
stick,stick,wood,stick (wood)
sticker,sticker,,
stiletto,stiletto,shoe,stiletto (shoe)
stilt,stilt,walking device,stilt (walking device)
stingray,stingray,,
stir_fry,stir fry,,
stirrup,stirrup,,
stockings,stockings,,
stomach,stomach,,
stool,stool,furniture,stool (furniture)
stopwatch,stopwatch,,
straightjacket,straightjacket,,
strainer,strainer,,
strap,strap,securing device,strap (securing device)
strawberry,strawberry,,
streetlight,streetlight,,
stretcher,stretcher,,
string_cheese,string cheese,,
stroller,stroller,,
stuffing,stuffing,,
stump,stump,,
submarine,submarine,,
subway,subway,,
sugar_cube,sugar cube,,
suit,suit,,
suitcase,suitcase,,
sundae,sundae,,
sundial,sundial,,
sunflower,sunflower,,
sunglasses,sunglasses,,
sunroof,sunroof,,
surfboard,surfboard,,
sushi,sushi,,
suspenders,suspenders,,
swab,swab,personal hygiene item,swab (personal hygiene item)
swan,swan,,
sweater,sweater,,
sweatsuit,sweatsuit,,
sweeper,sweeper,,
sweet_potato,sweet potato,,
swimming_pool,swimming pool,,
swimsuit,swimsuit,,
swing,swing,,
swing_set,swing set,,
switch,switch,,
swizzle_stick,swizzle stick,,
sword,sword,,
swordfish,swordfish,,
syringe,syringe,,
syrup,syrup,,
t-shirt,t-shirt,,
tab,tab,part of can,tab (part of can)
table,table,,
tablecloth,tablecloth,,
tablet,tablet,electronic device,tablet (electronic device)
tack,tack,fastener,tack (fastener)
tackle,tackle,fishing equipment,tackle (fishing equipment)
taco,taco,,
tadpole,tadpole,,
taffy,taffy,,
tag,tag,label,tag (label)
taillight,taillight,,
tamale,tamale,,
tambourine,tambourine,,
tape,tape,office supply,tape (office supply)
tape_measure,tape measure,,
tape_recorder,tape recorder,,
tapestry,tapestry,,
tarantula,tarantula,,
target,target,,
tarp,tarp,,
tattoo,tattoo,,
taxi,taxi,,
tea,tea,,
teabag,teabag,,
teacup,teacup,,
teapot,teapot,,
teddy_bear,teddy bear,,
tee,tee,golf equipment,tee (golf equipment)
teepee,teepee,,
telegraph,telegraph,,
telephone_pole,telephone pole,,
telescope,telescope,,
television,television,,
tennis_ball,tennis ball,,
tent,tent,,
terrarium,terrarium,,
test_tube,test tube,,
thermometer,thermometer,,
thermos,thermos,,
thermostat,thermostat,,
thimble,thimble,,
thorn,thorn,,
thread,thread,,
throne,throne,,
thumb,thumb,,
thumbtack,thumbtack,,
tiara,tiara,,
tick,tick,,
ticktacktoe,ticktacktoe,,
tie,tie,,
tiger,tiger,,
tile,tile,building material,tile (building material)
timer,timer,,
tinsel,tinsel,,
tiramisu,tiramisu,,
toad,toad,,
toast,toast,,
toaster,toaster,,
toaster_oven,toaster oven,,
toe,toe,,
toga,toga,,
toilet,toilet,,
toilet_paper,toilet paper,,
tomato,tomato,,
tomato_sauce,tomato sauce,,
tongs,tongs,,
tongue,tongue,,
tool,tool,,
toolbox,toolbox,,
tooth,tooth,,
toothbrush,toothbrush,,
toothpaste,toothpaste,,
toothpick,toothpick,,
top_hat,top hat,,
torch,torch,,
torpedo,torpedo,,
torso,torso,,
tortellini,tortellini,,
tortilla,tortilla,,
tostada,tostada,,
totem_pole,totem pole,,
toucan,toucan,,
touchpad,touchpad,,
towel,towel,,
towel_rack,towel rack,,
toy,toy,,
tractor,tractor,,
traffic_light,traffic light,,
trailer,trailer,,
train,train,,
train_car,train car,,
train_set,train set,,
trampoline,trampoline,,
trap,trap,hunting equipment,trap (hunting equipment)
trapdoor,trapdoor,,
trashcan,trashcan,,
tray,tray,,
treadmill,treadmill,,
treasure,treasure,,
tree,tree,,
tree_trunk,tree trunk,,
triangle,triangle,musical instrument,triangle (musical instrument)
tricycle,tricycle,,
trident,trident,,
trigger,trigger,,
tripod,tripod,,
trolley,trolley,vehicle,trolley (vehicle)
trombone,trombone,,
trophy,trophy,,
trough,trough,,
trowel,trowel,,
truck,truck,,
trumpet,trumpet,,
trunk,trunk,storage,trunk (storage)
tuba,tuba,,
tube_top,tube top,,
tugboat,tugboat,,
tulip,tulip,,
tumbleweed,tumbleweed,,
tuning_fork,tuning fork,,
tupperware,tupperware,,
turban,turban,,
turbine,turbine,,
turf,turf,,
turkey,turkey,,
turnstile,turnstile,,
turntable,turntable,,
turtle,turtle,,
turtleneck,turtleneck,,
tuxedo,tuxedo,,
tweezers,tweezers,,
twig,twig,,
typewriter,typewriter,,
ukulele,ukulele,,
umbrella,umbrella,,
undershirt,undershirt,,
underwear,underwear,,
unicycle,unicycle,,
uniform,uniform,,
urinal,urinal,,
urn,urn,,
vacuum,vacuum,,
valve,valve,plumbing equipment,valve (plumbing equipment)
van,van,,
vase,vase,,
vegetable,vegetable,,
veil,veil,,
velcro,velcro,,
vending_machine,vending machine,,
vent,vent,,
vest,vest,,
vial,vial,,
videocassette,videocassette,,
videogame,videogame,,
viewfinder,viewfinder,,
violin,violin,,
vise,vise,,
visor,visor,,
volleyball,volleyball,,
vulture,vulture,,
wafer,wafer,,
waffle,waffle,,
waffle_iron,waffle iron,,
wagon,wagon,,
wall,wall,,
wallet,wallet,,
wallpaper,wallpaper,,
walnut,walnut,,
walrus,walrus,,
wand,wand,,
warthog,warthog,,
washboard,washboard,,
washcloth,washcloth,,
washing_machine,washing machine,,
wasp,wasp,,
watch,watch,,
water_bottle,water bottle,,
water_cooler,water cooler,,
water_filter,water filter,,
water_fountain,water fountain,water dispenser,water fountain (water dispenser)
water_heater,water heater,,
watering_can,watering can,,
watermelon,watermelon,,
waterwheel,waterwheel,,
wax,wax,,
wax_paper,wax paper,,
weasel,weasel,,
weather_vane,weather vane,,
webcam,webcam,,
wedding_cake,wedding cake,,
wedge,wedge,tool,wedge (tool)
weed,weed,,
wetsuit,wetsuit,,
whale,whale,,
wheat,wheat,,
wheel,wheel,,
wheelbarrow,wheelbarrow,,
wheelchair,wheelchair,,
whip,whip,,
whipped_cream,whipped cream,,
whisk,whisk,,
whistle,whistle,,
whiteboard,whiteboard,,
whoopee_cushion,whoopee cushion,,
wick,wick,,
wig,wig,,
wind_chimes,wind chimes,,
window,window,,
windowsill,windowsill,,
windshield,windshield,,
windshield_wiper,windshield wiper,,
windsock,windsock,,
wine,wine,,
wine_bottle,wine bottle,,
wine_cooler,wine cooler,kitchen equipment,wine cooler (kitchen equipment)
wineglass,wineglass,,
wing,wing,part of airplane,wing (part of airplane)
wire,wire,,
wire_cutters,wire cutters,,
wok,wok,,
wolf,wolf,,
woman,woman,,
wood,wood,,
wooden_leg,wooden leg,,
workbench,workbench,,
worm,worm,,
wrap,wrap,food,wrap (food)
wrapping_paper,wrapping paper,,
wreath,wreath,,
wreck,wreck,,
wrench,wrench,,
wrist,wrist,,
xylophone,xylophone,,
yacht,yacht,,
yak,yak,,
yarn,yarn,,
yo-yo,yo-yo,,
yogurt,yogurt,,
yoke,yoke,,
yolk,yolk,,
zebra,zebra,,
zipper,zipper,,
zucchini,zucchini,,
bat1,bat,animal,bat (animal)
bat2,bat,sports equipment,bat (sports equipment)
baton1,baton,musical equipment,baton (musical equipment)
baton2,baton,weapon,baton (weapon)
baton3,baton,sports equipment,baton (sports equipment)
baton4,baton,sports equipment,baton (sports equipment)
bow1,bow,hair accessory,bow (hair accessory)
bow2,bow,weapon,bow (weapon)
bow3,bow,decoration,bow (decoration)
bracelet1,bracelet,accessory,bracelet (accessory)
bracelet2,bracelet,jewelry,bracelet (jewelry)
button1,button,clothing accessory,button (clothing accessory)
button2,button,activator,button (activator)
calf1,calf,baby animal,calf (baby animal)
calf2,calf,body part,calf (body part)
camera1,camera,recording device,camera (recording device)
camera2,camera,camera accessory,camera (camera accessory)
chest1,chest,body part,chest (body part)
chest2,chest,furniture,chest (furniture)
chicken1,chicken,bird,chicken (bird)
chicken2,chicken,fencing,chicken (fencing)
clipper1,clipper,garden tool,clipper (garden tool)
clipper2,clipper,grooming tool,clipper (grooming tool)
crystal1,crystal,rock,crystal (rock)
crystal2,crystal,fortune telling device,crystal (fortune telling device)
file1,file,tool,file (tool)
file2,file,office supply,file (office supply)
hook1,hook,hardware,hook (hardware)
hook2,hook,hardware,hook (hardware)
juicer1,juicer,kitchen tool,juicer (kitchen tool)
juicer2,juicer,kitchen appliance,juicer (kitchen appliance)
mold1,mold,baking tool,mold (baking tool)
mold2,mold,fungus,mold (fungus)
mouse1,mouse,rodent,mouse (rodent)
mouse2,mouse,computer accessory,mouse (computer accessory)
pepper1,pepper,vegetable,pepper (vegetable)
pepper2,pepper,kitchen tool,pepper (kitchen tool)
pipe1,pipe,smoking device,pipe (smoking device)
pipe2,pipe,plumbing equipment,pipe (plumbing equipment)
punch1,punch,drink,punch (drink)
punch2,punch,office supply,punch (office supply)
rack1,rack,storage equipment,rack (storage equipment)
rack2,rack,furniture,rack (furniture)
screen1,screen,electronic device,screen (electronic device)
screen2,screen,mesh,screen (mesh)
shell1,shell,ammunition,shell (ammunition)
shell2,shell,animal part,shell (animal part)
shell3,shell,thing found on a beach,shell (thing found on a beach)
stamp1,stamp,postage,stamp (postage)
stamp2,stamp,craft supply,stamp (craft supply)
stove1,stove,heating device,stove (heating device)
stove2,stove,kitchen appliance,stove (kitchen appliance)
straw1,straw,animal food,straw (animal food)
straw2,straw,drinking utensil,straw (drinking utensil)
tank1,tank,military vehicle,tank (military vehicle)
tank2,tank,container,tank (container)
walker1,walker,mobility device,walker (mobility device)
walker2,walker,baby equipment,walker (baby equipment)
